destination,source,num_loans
AF,ZZZ,462
AF,BE,148
AF,BM,3
AF,JP,71
AF,BV,5
AF,JO,1
AF,BR,9
AF,BS,6
AF,RU,1
AF,RW,1
AF,RO,1
AF,GU,1
AF,GT,1
AF,GR,2
AF,BH,6
AF,GB,265
AF,SV,1
AF,GN,1
AF,OM,10
AF,HR,1
AF,HU,4
AF,HK,17
AF,PT,29
AF,PK,1
AF,PH,5
AF,PL,6
AF,EE,3
AF,EG,3
AF,ZA,2
AF,KY,1
AF,ES,41
AF,UY,2
AF,MC,1
AF,MN,5
AF,US,519
AF,MT,3
AF,MW,1
AF,MY,20
AF,MX,16
AF,IL,6
AF,FR,141
AF,FI,45
AF,FO,2
AF,NI,1
AF,NL,158
AF,NO,134
AF,VU,12
AF,NZ,37
AF,NP,1
AF,CH,64
AF,CO,2
AF,CN,11
AF,CA,412
AF,CZ,5
AF,CY,1
AF,CR,2
AF,KE,1
AF,KN,1
AF,KR,9
AF,SI,1
AF,KW,10
AF,SN,1
AF,SM,1
AF,SA,2
AF,SG,31
AF,SE,110
AF,DO,1
AF,DM,6
AF,DK,83
AF,DE,247
AF,TW,13
AF,TT,1
AF,LI,2
AF,LT,3
AF,LU,4
AF,LR,1
AF,TH,8
AF,LY,3
AF,AE,29
AF,AF,15
AF,IQ,2
AF,IS,9
AF,IR,5
AF,AM,1
AF,IT,53
AF,AU,205
AF,AT,11
AF,IN,7
AF,IE,17
AF,ID,5
AF,QA,5
AF,MZ,1
AM,ZZZ,262
AM,BE,88
AM,BG,1
AM,JP,56
AM,BR,15
AM,RU,7
AM,TL,1
AM,RO,1
AM,GT,2
AM,GR,3
AM,GD,1
AM,GB,189
AM,GN,1
AM,GI,1
AM,OM,2
AM,HR,3
AM,HU,5
AM,HK,12
AM,PR,2
AM,PT,42
AM,PA,1
AM,UY,3
AM,PH,4
AM,PL,6
AM,EE,3
AM,ZA,7
AM,SA,7
AM,ES,44
AM,MA,1
AM,MC,1
AM,US,263
AM,MT,3
AM,UA,2
AM,MX,10
AM,IL,15
AM,FR,107
AM,FI,65
AM,FO,1
AM,NL,149
AM,NO,146
AM,VU,1
AM,NF,1
AM,NZ,41
AM,CK,1
AM,CH,88
AM,CO,1
AM,CN,8
AM,CA,239
AM,CZ,9
AM,CR,3
AM,KE,3
AM,KH,3
AM,SV,1
AM,SK,4
AM,KR,8
AM,SI,2
AM,KW,7
AM,SN,1
AM,SM,1
AM,KY,1
AM,SG,20
AM,SE,101
AM,DM,9
AM,DK,53
AM,DE,173
AM,DZ,1
AM,TZ,1
AM,TW,14
AM,TR,5
AM,LT,3
AM,LU,8
AM,LR,1
AM,TH,10
AM,AE,13
AM,VE,1
AM,AF,1
AM,IS,8
AM,IR,4
AM,AM,13
AM,IT,62
AM,AR,4
AM,AU,194
AM,AT,32
AM,IN,11
AM,IE,35
AM,ID,1
AM,MY,18
AM,QA,3
AZ,ZZZ,1370
AZ,BE,346
AZ,BG,5
AZ,BA,4
AZ,BM,8
AZ,BN,1
AZ,JP,202
AZ,BJ,1
AZ,BV,4
AZ,JO,2
AZ,BR,44
AZ,BS,9
AZ,RU,9
AZ,LT,3
AZ,RO,3
AZ,GT,3
AZ,GR,18
AZ,BH,4
AZ,GD,1
AZ,GB,788
AZ,GI,4
AZ,OM,18
AZ,HR,5
AZ,HU,12
AZ,HK,62
AZ,HN,1
AZ,AD,2
AZ,PR,1
AZ,PS,2
AZ,PT,96
AZ,PA,1
AZ,PE,1
AZ,PK,4
AZ,PH,15
AZ,PL,13
AZ,EE,4
AZ,EG,4
AZ,ZA,8
AZ,EC,1
AZ,AL,2
AZ,AO,1
AZ,ET,1
AZ,KY,5
AZ,ES,125
AZ,UY,4
AZ,LV,1
AZ,MO,2
AZ,MN,2
AZ,US,1436
AZ,MU,1
AZ,MT,10
AZ,MV,1
AZ,UG,1
AZ,UA,1
AZ,MX,43
AZ,AT,84
AZ,FR,308
AZ,MA,1
AZ,FI,101
AZ,NI,1
AZ,NL,469
AZ,NO,426
AZ,VU,5
AZ,NF,1
AZ,NG,1
AZ,NZ,147
AZ,CK,1
AZ,XK,1
AZ,CH,228
AZ,CO,1
AZ,CN,31
AZ,CL,3
AZ,CA,1166
AZ,CZ,19
AZ,CY,5
AZ,CR,5
AZ,SZ,3
AZ,KG,1
AZ,KE,3
AZ,KH,2
AZ,SK,3
AZ,KR,25
AZ,SI,7
AZ,KW,33
AZ,SN,1
AZ,SM,3
AZ,SC,2
AZ,KZ,2
AZ,SA,16
AZ,SG,88
AZ,SE,268
AZ,SD,2
AZ,DO,2
AZ,DM,8
AZ,DK,163
AZ,DE,508
AZ,YE,2
AZ,UM,1
AZ,LB,1
AZ,TW,45
AZ,TT,2
AZ,TR,18
AZ,LK,3
AZ,TN,1
AZ,TL,1
AZ,LU,21
AZ,TH,39
AZ,TG,1
AZ,LY,1
AZ,VC,2
AZ,AE,62
AZ,VE,2
AZ,AF,8
AZ,IQ,5
AZ,VI,2
AZ,IS,42
AZ,IR,40
AZ,AM,1
AZ,IT,182
AZ,VN,3
AZ,AN,1
AZ,AQ,2
AZ,AR,4
AZ,AU,661
AZ,IL,31
AZ,AW,1
AZ,IN,17
AZ,AZ,6
AZ,IE,83
AZ,ID,22
AZ,QS,1
AZ,MY,48
AZ,QA,3
BA,ZZZ,125
BA,BE,18
BA,FR,42
BA,BG,1
BA,DK,14
BA,HR,2
BA,DE,45
BA,JP,18
BA,HU,1
BA,BV,1
BA,JO,1
BA,FI,11
BA,BA,1
BA,NI,1
BA,NL,36
BA,PT,9
BA,NO,20
BA,CO,1
BA,NZ,10
BA,LU,1
BA,RU,1
BA,TH,2
BA,PH,1
BA,PK,1
BA,AT,3
BA,DM,1
BA,IS,2
BA,PL,4
BA,CH,20
BA,AE,2
BA,GR,1
BA,AF,1
BA,CA,98
BA,IR,1
BA,IT,9
BA,ZA,1
BA,CZ,2
BA,AU,41
BA,GB,68
BA,IN,1
BA,CR,1
BA,IE,6
BA,ID,3
BA,ES,13
BA,MY,2
BA,US,137
BA,SK,1
BA,KR,1
BA,SG,3
BA,SE,28
BA,IL,3
BF,ZZZ,22
BF,FR,16
BF,DM,10
BF,DK,2
BF,DE,15
BF,JP,2
BF,HU,1
BF,HK,4
BF,BR,3
BF,FI,5
BF,NL,12
BF,PT,5
BF,NO,11
BF,TW,2
BF,LT,1
BF,NZ,1
BF,GI,1
BF,PL,3
BF,CH,6
BF,CA,21
BF,IT,6
BF,ZA,1
BF,AU,13
BF,GB,14
BF,IN,2
BF,IE,2
BF,ES,4
BF,MC,1
BF,US,24
BF,KR,2
BF,SE,11
BF,AT,4
BG,ZZZ,64
BG,BE,8
BG,FR,12
BG,DK,5
BG,DE,16
BG,JP,6
BG,BR,1
BG,FI,4
BG,BA,1
BG,RU,1
BG,NL,10
BG,PT,2
BG,NO,5
BG,NZ,3
BG,LU,1
BG,TH,1
BG,PK,1
BG,AT,2
BG,IS,2
BG,CH,4
BG,AE,2
BG,AF,4
BG,VI,1
BG,CA,45
BG,IT,7
BG,AU,11
BG,GB,22
BG,IE,2
BG,ES,2
BG,US,67
BG,KR,1
BG,KW,1
BG,MP,1
BG,MX,2
BG,SE,6
BG,IL,1
BI,ZZZ,50
BI,BE,17
BI,FR,23
BI,BG,1
BI,DK,18
BI,DE,38
BI,JP,19
BI,HU,2
BI,HK,3
BI,DM,1
BI,BR,6
BI,FI,15
BI,GR,1
BI,PR,1
BI,QA,1
BI,RW,1
BI,NL,30
BI,PT,11
BI,NO,28
BI,TW,9
BI,NZ,7
BI,LU,1
BI,TH,1
BI,PL,3
BI,CH,19
BI,AE,3
BI,CN,4
BI,CA,50
BI,IT,20
BI,ZA,1
BI,CZ,1
BI,AR,1
BI,AU,38
BI,GB,46
BI,IN,1
BI,CR,2
BI,IE,3
BI,ES,12
BI,MD,1
BI,OM,1
BI,KE,2
BI,MY,4
BI,LA,1
BI,SV,2
BI,US,51
BI,SK,1
BI,SI,3
BI,KZ,1
BI,SG,9
BI,MX,2
BI,SE,29
BI,AT,4
BJ,ZZZ,676
BJ,BE,164
BJ,BA,1
BJ,WF,3
BJ,BM,2
BJ,BO,1
BJ,JP,75
BJ,BJ,2
BJ,BV,2
BJ,BR,29
BJ,TL,1
BJ,RO,8
BJ,GU,1
BJ,GT,1
BJ,GR,4
BJ,BH,3
BJ,GB,318
BJ,GN,1
BJ,OM,6
BJ,HR,4
BJ,HU,3
BJ,HK,26
BJ,PR,3
BJ,PT,45
BJ,PE,2
BJ,PH,5
BJ,PL,14
BJ,EE,2
BJ,EG,1
BJ,ZA,9
BJ,SA,3
BJ,ES,70
BJ,UY,2
BJ,MC,1
BJ,MO,1
BJ,US,827
BJ,MT,3
BJ,MY,16
BJ,MX,6
BJ,IL,8
BJ,FR,213
BJ,FI,68
BJ,NL,253
BJ,NO,219
BJ,NC,2
BJ,NG,1
BJ,NZ,42
BJ,NP,1
BJ,CK,1
BJ,XK,1
BJ,CH,115
BJ,CO,5
BJ,CN,4
BJ,CA,539
BJ,CZ,3
BJ,CY,1
BJ,CR,1
BJ,SZ,1
BJ,KE,1
BJ,SK,3
BJ,KR,8
BJ,SI,3
BJ,KW,5
BJ,SM,1
BJ,KY,2
BJ,SG,25
BJ,SE,172
BJ,DM,14
BJ,DK,58
BJ,DE,287
BJ,TZ,2
BJ,LA,1
BJ,TW,37
BJ,TT,3
BJ,TR,7
BJ,LT,3
BJ,LU,8
BJ,TH,8
BJ,AE,13
BJ,VE,1
BJ,VG,1
BJ,IS,7
BJ,IT,65
BJ,AO,1
BJ,AR,1
BJ,AU,316
BJ,AT,34
BJ,IN,12
BJ,AZ,1
BJ,IE,33
BJ,ID,1
BJ,QA,2
BO,ZZZ,2025
BO,BE,742
BO,BG,4
BO,BA,1
BO,BB,3
BO,WF,8
BO,BM,4
BO,BN,1
BO,BO,4
BO,JP,260
BO,BV,8
BO,JO,1
BO,BR,130
BO,BS,19
BO,RU,8
BO,RS,4
BO,RO,11
BO,GT,5
BO,GR,13
BO,GB,1114
BO,GL,2
BO,PH,7
BO,GI,2
BO,GH,1
BO,OM,10
BO,HR,14
BO,HU,17
BO,HK,72
BO,HN,2
BO,PR,17
BO,PT,163
BO,PA,6
BO,PE,2
BO,AT,132
BO,PL,30
BO,ZM,1
BO,EE,2
BO,EG,3
BO,ZA,18
BO,EC,4
BO,AO,1
BO,KY,1
BO,ES,289
BO,UY,5
BO,MC,3
BO,MO,2
BO,MN,1
BO,US,2177
BO,UM,3
BO,MT,7
BO,MY,72
BO,MX,90
BO,IL,33
BO,FR,484
BO,MA,6
BO,FI,262
BO,FJ,3
BO,NI,4
BO,NL,847
BO,NO,831
BO,NA,1
BO,NF,1
BO,NG,2
BO,NZ,223
BO,NP,6
BO,CK,1
BO,CH,418
BO,CO,7
BO,CN,44
BO,CL,39
BO,CA,1784
BO,CZ,30
BO,CY,9
BO,CR,17
BO,SZ,1
BO,KG,1
BO,KE,10
BO,KH,7
BO,SV,1
BO,SK,11
BO,KR,37
BO,SI,15
BO,KW,23
BO,KZ,1
BO,SA,11
BO,SG,134
BO,SE,568
BO,SD,3
BO,DO,6
BO,DM,6
BO,DK,290
BO,DE,1003
BO,YE,1
BO,LB,3
BO,TW,94
BO,TT,5
BO,TR,9
BO,LI,1
BO,LV,1
BO,LT,8
BO,LU,36
BO,TH,52
BO,AE,53
BO,VE,6
BO,AF,4
BO,IS,39
BO,IR,26
BO,AM,2
BO,IT,336
BO,VN,5
BO,AN,1
BO,AQ,1
BO,AR,24
BO,AU,1104
BO,VU,9
BO,AW,3
BO,IN,47
BO,IE,149
BO,ID,17
BO,QA,6
BO,BD,1
CD,ZZZ,172
CD,BE,43
CD,FR,62
CD,DM,3
CD,WF,1
CD,DK,41
CD,DO,2
CD,HR,2
CD,BM,1
CD,DE,112
CD,JP,32
CD,HU,2
CD,HK,19
CD,BV,4
CD,BR,16
CD,FI,35
CD,PH,3
CD,MA,1
CD,GR,3
CD,VE,2
CD,PR,3
CD,NI,3
CD,MT,1
CD,NL,94
CD,PT,27
CD,NO,91
CD,UA,2
CD,AF,1
CD,BA,1
CD,LT,3
CD,NZ,27
CD,LU,2
CD,GI,1
CD,TH,6
CD,PE,1
CD,NP,1
CD,AT,20
CD,RO,1
CD,IS,4
CD,PL,5
CD,MC,1
CD,CH,60
CD,AE,4
CD,CN,8
CD,CL,2
CD,EG,1
CD,NA,2
CD,CA,168
CD,IT,45
CD,VN,2
CD,ZA,7
CD,CZ,8
CD,CY,1
CD,AR,1
CD,AU,129
CD,GB,128
CD,IN,7
CD,CR,3
CD,CD,1
CD,IE,23
CD,ID,1
CD,ES,42
CD,GH,1
CD,OM,1
CD,UY,1
CD,PA,1
CD,KE,2
CD,MY,14
CD,TR,1
CD,US,175
CD,UM,1
CD,KR,6
CD,KW,1
CD,SM,1
CD,TW,14
CD,KZ,1
CD,TZ,1
CD,SG,27
CD,MX,5
CD,SE,90
CD,IL,8
CG,ZZZ,125
CG,BE,42
CG,FR,75
CG,DM,16
CG,VE,1
CG,DK,15
CG,BM,1
CG,DE,57
CG,JP,9
CG,HU,2
CG,HK,4
CG,BV,1
CG,BR,3
CG,FI,17
CG,GR,3
CG,PR,3
CG,RU,1
CG,NL,53
CG,PT,12
CG,NO,37
CG,CO,1
CG,TW,4
CG,TR,2
CG,LT,2
CG,NZ,8
CG,LU,1
CG,NP,1
CG,PH,1
CG,IS,3
CG,PL,3
CG,CH,25
CG,AE,6
CG,CN,2
CG,CA,101
CG,IT,16
CG,VN,1
CG,ZA,1
CG,CZ,2
CG,AR,1
CG,AU,64
CG,AT,7
CG,IN,1
CG,GN,1
CG,IE,9
CG,ID,1
CG,ES,9
CG,MY,4
CG,IL,2
CG,US,128
CG,QA,2
CG,KR,2
CG,MP,1
CG,KZ,1
CG,SA,1
CG,TZ,1
CG,SG,4
CG,MX,3
CG,SE,50
CG,GB,67
CI,ZZZ,48
CI,BE,6
CI,FR,17
CI,DK,4
CI,DE,14
CI,JP,8
CI,FI,2
CI,NL,12
CI,PT,1
CI,NO,4
CI,TW,3
CI,LU,2
CI,TH,1
CI,IS,1
CI,CH,3
CI,AE,5
CI,CA,43
CI,IT,7
CI,ZA,1
CI,CZ,1
CI,AU,15
CI,GB,25
CI,IN,1
CI,ID,1
CI,ES,1
CI,MA,1
CI,MY,1
CI,US,52
CI,SG,1
CI,MX,1
CI,SE,21
CI,AT,1
CL,ZZZ,112
CL,BE,37
CL,FR,56
CL,DM,8
CL,DK,21
CL,DE,63
CL,JP,19
CL,HK,3
CL,BV,3
CL,GT,2
CL,HN,1
CL,BR,7
CL,FI,23
CL,KR,2
CL,SK,1
CL,NL,51
CL,PT,7
CL,NO,53
CL,UA,1
CL,VU,2
CL,BA,1
CL,LT,1
CL,NZ,16
CL,LU,5
CL,TH,2
CL,PH,1
CL,IS,4
CL,PL,3
CL,CH,27
CL,AE,3
CL,CN,4
CL,CL,10
CL,EG,1
CL,CA,101
CL,IT,27
CL,ZA,2
CL,CZ,4
CL,AR,2
CL,AU,74
CL,GB,83
CL,IN,4
CL,GN,1
CL,IE,2
CL,ID,1
CL,ES,30
CL,SZ,1
CL,UY,2
CL,SG,19
CL,IL,5
CL,US,112
CL,QA,1
CL,MT,1
CL,SI,1
CL,TW,4
CL,KZ,2
CL,TZ,2
CL,MY,10
CL,MX,2
CL,SE,41
CL,AT,10
CM,ZZZ,170
CM,BE,19
CM,FR,81
CM,DM,3
CM,DK,16
CM,CR,1
CM,DE,72
CM,JP,13
CM,HK,4
CM,GT,2
CM,HN,1
CM,BR,2
CM,BS,1
CM,FI,12
CM,BZ,1
CM,GR,2
CM,PR,1
CM,NL,43
CM,PT,12
CM,NO,33
CM,TW,1
CM,TR,1
CM,LT,1
CM,LV,1
CM,NZ,12
CM,LU,1
CM,TH,2
CM,PH,1
CM,AE,1
CM,IS,1
CM,PL,1
CM,CH,26
CM,MT,1
CM,CN,3
CM,CA,130
CM,IT,12
CM,ZA,2
CM,CZ,3
CM,AU,72
CM,GB,83
CM,IN,2
CM,TZ,1
CM,IE,8
CM,ID,1
CM,ES,13
CM,KE,1
CM,SG,5
CM,IL,2
CM,US,207
CM,KR,3
CM,KZ,1
CM,MY,5
CM,MX,3
CM,SE,33
CM,AT,2
CO,ZZZ,544
CO,BE,185
CO,FR,131
CO,DM,6
CO,VE,1
CO,DK,67
CO,BB,1
CO,HR,2
CO,BM,2
CO,DE,254
CO,JP,61
CO,IL,8
CO,HU,4
CO,HK,21
CO,BV,3
CO,BG,1
CO,BR,32
CO,BS,5
CO,FI,69
CO,BZ,1
CO,GR,1
CO,QA,1
CO,NL,231
CO,PT,40
CO,NO,251
CO,CO,41
CO,TW,17
CO,TR,1
CO,LT,3
CO,FO,1
CO,LV,1
CO,NZ,49
CO,LU,6
CO,TH,8
CO,PE,3
CO,NP,2
CO,PH,3
CO,RO,1
CO,IS,8
CO,PL,6
CO,MC,3
CO,CH,109
CO,AE,13
CO,CN,16
CO,CL,5
CO,EE,1
CO,BH,1
CO,CA,462
CO,IR,5
CO,IT,66
CO,VN,1
CO,ZA,7
CO,AQ,2
CO,CZ,5
CO,AR,2
CO,AU,334
CO,GB,275
CO,IN,10
CO,CR,3
CO,IE,39
CO,ID,7
CO,ES,85
CO,KY,2
CO,OM,1
CO,GT,2
CO,PA,5
CO,KE,3
CO,MY,33
CO,MO,1
CO,SV,1
CO,US,578
CO,SK,6
CO,KR,12
CO,SI,2
CO,KW,4
CO,GN,1
CO,KZ,2
CO,SA,3
CO,SG,29
CO,MX,12
CO,SE,125
CO,AT,39
CR,ZZZ,322
CR,BE,129
CR,FR,84
CR,DM,7
CR,VE,2
CR,DK,51
CR,AN,1
CR,HR,1
CR,BM,2
CR,DE,135
CR,JP,35
CR,LU,11
CR,LK,1
CR,HK,12
CR,BV,2
CR,GT,3
CR,HN,2
CR,BR,18
CR,GN,1
CR,FI,36
CR,GR,1
CR,FO,1
CR,PR,5
CR,RU,2
CR,NL,138
CR,PT,33
CR,NO,124
CR,TW,13
CR,AF,3
CR,LT,1
CR,NF,1
CR,NZ,35
CR,MT,3
CR,CU,1
CR,BZ,1
CR,TH,5
CR,PH,3
CR,RO,4
CR,IS,3
CR,PL,3
CR,CH,51
CR,AE,6
CR,CN,10
CR,CL,1
CR,BH,2
CR,CA,287
CR,IR,1
CR,AM,3
CR,IT,42
CR,VN,2
CR,ZA,5
CR,CZ,6
CR,CY,2
CR,AR,2
CR,AU,178
CR,GB,155
CR,IN,4
CR,CR,26
CR,HU,2
CR,IE,18
CR,ID,3
CR,ES,42
CR,SZ,2
CR,OM,1
CR,PA,3
CR,MY,12
CR,IL,10
CR,SV,1
CR,US,336
CR,SK,1
CR,KR,6
CR,KW,3
CR,TZ,1
CR,SM,1
CR,KZ,1
CR,SA,1
CR,MZ,1
CR,SG,23
CR,MX,10
CR,SE,72
CR,AT,15
DO,ZZZ,729
DO,BE,193
DO,BG,2
DO,BA,2
DO,WF,6
DO,BM,5
DO,JP,85
DO,BV,1
DO,BR,23
DO,BS,4
DO,RU,4
DO,RS,1
DO,LT,2
DO,RO,9
DO,GT,9
DO,GR,5
DO,GD,1
DO,GB,346
DO,GN,1
DO,OM,12
DO,HR,3
DO,HU,7
DO,HK,23
DO,HN,2
DO,PR,10
DO,PT,50
DO,PE,1
DO,PH,5
DO,PL,21
DO,EE,3
DO,ZA,5
DO,EC,1
DO,AL,1
DO,SA,3
DO,ES,92
DO,UY,3
DO,MC,1
DO,MN,1
DO,US,787
DO,MT,8
DO,UG,1
DO,MY,19
DO,MX,26
DO,IL,17
DO,FR,241
DO,MA,2
DO,FI,67
DO,FJ,2
DO,NL,233
DO,NO,247
DO,NF,1
DO,NZ,63
DO,CH,119
DO,CO,1
DO,CN,11
DO,CL,1
DO,CA,649
DO,CD,2
DO,CZ,14
DO,CY,3
DO,CR,2
DO,KG,1
DO,KE,4
DO,SK,2
DO,KR,13
DO,KW,3
DO,SN,1
DO,KZ,1
DO,KY,1
DO,SG,50
DO,SE,161
DO,DO,1
DO,DM,4
DO,DK,121
DO,DE,289
DO,AT,49
DO,LB,1
DO,TW,23
DO,TT,3
DO,TR,6
DO,LK,1
DO,LI,1
DO,TL,1
DO,LU,14
DO,TH,10
DO,AE,27
DO,AF,2
DO,IS,19
DO,IR,6
DO,IT,123
DO,VN,2
DO,AR,4
DO,AU,352
DO,VU,4
DO,AW,1
DO,IN,13
DO,TZ,1
DO,IE,34
DO,ID,6
DO,QA,4
EC,ZZZ,2363
EC,BE,754
EC,BG,8
EC,BA,1
EC,WF,4
EC,BM,15
EC,JP,215
EC,BJ,2
EC,BV,7
EC,JO,2
EC,BR,136
EC,BS,46
EC,RU,5
EC,RS,1
EC,RO,7
EC,GU,1
EC,GT,10
EC,GR,9
EC,BH,5
EC,GB,1139
EC,GN,2
EC,GI,2
EC,GH,1
EC,OM,11
EC,TN,1
EC,HR,12
EC,HU,18
EC,HK,79
EC,AD,1
EC,PR,17
EC,PT,179
EC,PY,1
EC,PA,9
EC,UY,2
EC,PE,4
EC,PK,1
EC,PH,11
EC,PL,24
EC,EH,1
EC,EE,6
EC,EG,3
EC,ZA,22
EC,EC,32
EC,AO,1
EC,SA,12
EC,ES,248
EC,MG,1
EC,MA,5
EC,MN,2
EC,MH,1
EC,US,2458
EC,UM,2
EC,MT,10
EC,MY,94
EC,MX,58
EC,IL,51
EC,FR,465
EC,FI,246
EC,FO,2
EC,NL,975
EC,NO,886
EC,NA,1
EC,VU,27
EC,NF,1
EC,NG,5
EC,NZ,164
EC,NP,5
EC,CK,1
EC,CH,442
EC,CO,4
EC,CN,67
EC,CM,2
EC,CL,4
EC,CA,1974
EC,CD,1
EC,CZ,30
EC,CY,6
EC,CR,17
EC,KG,1
EC,KE,4
EC,KH,9
EC,SV,1
EC,SK,12
EC,KR,38
EC,SI,9
EC,KW,24
EC,SM,1
EC,KZ,1
EC,KY,3
EC,SG,113
EC,SE,574
EC,DO,4
EC,DM,3
EC,DK,295
EC,DE,1014
EC,TZ,2
EC,LA,2
EC,TV,1
EC,TW,71
EC,TR,17
EC,LI,2
EC,LV,1
EC,LT,12
EC,LU,31
EC,TH,65
EC,LY,1
EC,AE,57
EC,VE,6
EC,AF,12
EC,IQ,2
EC,IS,32
EC,IR,28
EC,IT,358
EC,VN,1
EC,AN,2
EC,AQ,2
EC,AR,13
EC,AU,1234
EC,AT,136
EC,AW,3
EC,IN,44
EC,LB,1
EC,IE,154
EC,ID,26
EC,QA,11
EC,MZ,1
GE,ZZZ,104
GE,BE,40
GE,FR,33
GE,DM,11
GE,DK,19
GE,DE,66
GE,JP,28
GE,LU,1
GE,HU,5
GE,AT,9
GE,HK,9
GE,BV,1
GE,BR,5
GE,BS,12
GE,FI,24
GE,CR,1
GE,SK,1
GE,NL,56
GE,PT,10
GE,NO,57
GE,TW,6
GE,VU,1
GE,TL,1
GE,LV,3
GE,NZ,9
GE,MT,1
GE,TH,5
GE,PH,2
GE,IS,3
GE,PL,6
GE,CH,38
GE,AE,2
GE,VE,1
GE,EE,1
GE,CA,95
GE,IR,2
GE,ZA,2
GE,IT,17
GE,CZ,3
GE,AU,63
GE,IL,3
GE,IN,2
GE,TZ,1
GE,IE,8
GE,ID,1
GE,ES,17
GE,MC,1
GE,KE,1
GE,SG,7
GE,US,105
GE,LT,1
GE,QA,1
GE,KR,6
GE,SI,1
GE,KW,1
GE,KZ,2
GE,MY,4
GE,MX,4
GE,SE,59
GE,GB,68
GH,ZZZ,2360
GH,BE,444
GH,BA,1
GH,BB,1
GH,WF,4
GH,BM,24
GH,JP,220
GH,JM,4
GH,BV,5
GH,JO,2
GH,BR,29
GH,BS,7
GH,TL,1
GH,RE,2
GH,TJ,1
GH,RO,7
GH,GT,1
GH,GR,15
GH,BH,1
GH,GB,1062
GH,SV,1
GH,GN,1
GH,GH,2
GH,OM,7
GH,HR,5
GH,HT,1
GH,HU,13
GH,HK,37
GH,PR,6
GH,PT,144
GH,PA,5
GH,UY,3
GH,PK,4
GH,PH,12
GH,PL,32
GH,EE,2
GH,EG,1
GH,ZA,28
GH,EC,2
GH,AO,2
GH,KY,3
GH,ES,194
GH,ER,2
GH,MA,1
GH,MO,1
GH,MN,2
GH,MK,1
GH,UM,1
GH,MT,11
GH,MP,1
GH,UG,1
GH,UA,2
GH,MX,31
GH,AT,93
GH,FR,444
GH,FI,156
GH,FJ,1
GH,NI,1
GH,NL,655
GH,NO,465
GH,NA,3
GH,NF,1
GH,NG,2
GH,NZ,97
GH,NP,1
GH,CK,2
GH,XK,2
GH,CH,289
GH,CO,6
GH,CN,35
GH,CL,3
GH,CA,1942
GH,CZ,19
GH,CY,1
GH,CR,3
GH,SZ,3
GH,KG,1
GH,KE,7
GH,KH,4
GH,KN,1
GH,SK,7
GH,KR,37
GH,SI,4
GH,KW,9
GH,SM,1
GH,KZ,3
GH,SA,3
GH,SG,79
GH,SE,480
GH,SD,1
GH,DM,12
GH,DK,229
GH,DE,718
GH,US,2702
GH,LB,1
GH,LA,1
GH,TW,35
GH,TT,3
GH,TR,9
GH,LK,3
GH,LI,1
GH,LT,1
GH,LU,24
GH,LR,6
GH,TH,28
GH,LY,1
GH,VC,1
GH,AE,26
GH,AD,1
GH,AF,9
GH,IQ,2
GH,VI,1
GH,IS,37
GH,IR,2
GH,AM,2
GH,IT,238
GH,VN,3
GH,AN,1
GH,AR,1
GH,AU,977
GH,IL,42
GH,AW,1
GH,IN,43
GH,TZ,2
GH,IE,71
GH,ID,5
GH,MY,49
GH,QA,2
GH,BD,1
GT,ZZZ,511
GT,BE,117
GT,BA,1
GT,WF,3
GT,BM,1
GT,JP,54
GT,BV,1
GT,BR,22
GT,BS,6
GT,BZ,2
GT,TL,1
GT,RO,1
GT,GT,33
GT,GR,3
GT,GB,236
GT,GN,1
GT,GI,1
GT,OM,4
GT,HR,5
GT,HU,3
GT,HK,20
GT,HN,2
GT,PR,11
GT,PT,34
GT,PA,5
GT,PK,1
GT,PH,4
GT,PL,6
GT,ZA,2
GT,SA,5
GT,ES,71
GT,MG,1
GT,US,531
GT,MT,5
GT,MY,14
GT,MX,28
GT,IL,13
GT,FR,121
GT,FI,44
GT,FO,1
GT,NI,1
GT,NL,158
GT,NO,123
GT,NZ,35
GT,NP,1
GT,CH,104
GT,CO,3
GT,CN,12
GT,CL,4
GT,CA,439
GT,CZ,5
GT,KG,1
GT,KN,1
GT,SK,2
GT,KR,6
GT,SI,1
GT,KW,4
GT,SM,3
GT,KZ,1
GT,KY,1
GT,SG,28
GT,SE,98
GT,DM,12
GT,DK,72
GT,DE,224
GT,LB,1
GT,TW,18
GT,TR,1
GT,LK,1
GT,LV,1
GT,LT,4
GT,LU,4
GT,TH,4
GT,AE,5
GT,IS,9
GT,IR,2
GT,IT,70
GT,VN,1
GT,AQ,1
GT,AR,4
GT,AU,237
GT,AT,27
GT,IN,9
GT,IE,25
GT,ID,2
GT,QA,1
HN,ZZZ,682
HN,BE,217
HN,WF,1
HN,JP,52
HN,BV,2
HN,JO,1
HN,BR,25
HN,BS,6
HN,BZ,2
HN,RU,2
HN,LT,4
HN,RO,3
HN,GT,7
HN,GR,3
HN,BH,1
HN,GB,272
HN,GN,2
HN,GL,1
HN,OM,1
HN,HR,2
HN,HU,1
HN,HK,22
HN,HN,9
HN,PR,8
HN,PT,26
HN,PA,3
HN,PK,1
HN,PH,3
HN,PL,3
HN,EE,1
HN,EG,1
HN,ZA,2
HN,SA,1
HN,ES,75
HN,MC,1
HN,MO,1
HN,MN,2
HN,US,813
HN,UM,1
HN,MT,3
HN,MY,18
HN,MX,25
HN,IL,7
HN,FR,150
HN,FI,65
HN,NI,1
HN,NL,184
HN,NO,206
HN,NZ,34
HN,NP,1
HN,CH,95
HN,CO,1
HN,CN,13
HN,CL,6
HN,CA,505
HN,CZ,5
HN,CY,1
HN,CR,5
HN,KE,2
HN,KH,1
HN,SK,2
HN,KR,5
HN,SI,1
HN,KW,4
HN,KY,2
HN,SG,30
HN,SE,92
HN,DM,8
HN,DK,57
HN,DE,219
HN,LA,1
HN,TW,15
HN,TT,2
HN,TR,4
HN,TL,1
HN,LU,11
HN,TH,13
HN,VC,1
HN,AE,12
HN,AF,1
HN,IQ,1
HN,IS,8
HN,IR,1
HN,IT,61
HN,VN,1
HN,AN,1
HN,AR,1
HN,AU,272
HN,AT,29
HN,IN,13
HN,AZ,1
HN,IE,20
HN,ID,2
HT,ZZZ,20
HT,BE,3
HT,FR,10
HT,DM,2
HT,DK,2
HT,DE,11
HT,JP,5
HT,HK,1
HT,BR,1
HT,BS,1
HT,FI,3
HT,NL,7
HT,PT,4
HT,NO,9
HT,TW,2
HT,LT,2
HT,NZ,2
HT,IS,1
HT,PL,1
HT,CH,7
HT,AE,1
HT,GR,1
HT,CA,20
HT,IT,6
HT,CZ,1
HT,AU,12
HT,AT,1
HT,IE,2
HT,ES,1
HT,MY,1
HT,IL,2
HT,US,22
HT,KR,2
HT,KW,1
HT,SN,1
HT,SG,3
HT,SE,6
HT,GB,12
ID,ZZZ,370
ID,BE,55
ID,FR,112
ID,MN,1
ID,VE,1
ID,DK,34
ID,HR,1
ID,BM,3
ID,BN,1
ID,DE,137
ID,JP,44
ID,HU,4
ID,AT,17
ID,HK,24
ID,BV,3
ID,DM,7
ID,BR,7
ID,BS,3
ID,FI,40
ID,GR,2
ID,PR,2
ID,NL,142
ID,LA,1
ID,PT,25
ID,NO,92
ID,CO,1
ID,TW,15
ID,TT,1
ID,TR,1
ID,KY,1
ID,EE,2
ID,NZ,61
ID,LU,6
ID,TH,9
ID,NP,1
ID,PK,3
ID,PH,4
ID,RO,1
ID,IS,4
ID,PL,4
ID,CH,65
ID,AE,8
ID,CN,8
ID,CL,3
ID,IQ,2
ID,CA,310
ID,IR,3
ID,IT,44
ID,AO,1
ID,ZA,4
ID,CZ,10
ID,CY,3
ID,AU,207
ID,GB,164
ID,IN,6
ID,VN,2
ID,LB,1
ID,IE,20
ID,ID,54
ID,ES,36
ID,SZ,1
ID,OM,2
ID,MC,1
ID,KE,1
ID,MY,20
ID,KH,4
ID,SV,1
ID,US,565
ID,LT,1
ID,MU,1
ID,KR,9
ID,JO,1
ID,KW,2
ID,BD,1
ID,NA,1
ID,KZ,1
ID,SA,3
ID,SG,40
ID,MX,9
ID,SE,96
ID,IL,4
IL,ZZZ,25
IL,BE,3
IL,FR,6
IL,DK,5
IL,DE,16
IL,JP,5
IL,HK,3
IL,BR,1
IL,FI,6
IL,NL,10
IL,PT,2
IL,NO,11
IL,TW,3
IL,NZ,6
IL,LT,1
IL,LU,1
IL,TH,1
IL,NP,1
IL,PH,1
IL,IS,2
IL,CH,7
IL,AE,3
IL,GR,1
IL,CA,25
IL,IT,5
IL,AL,1
IL,CZ,1
IL,AU,22
IL,AT,6
IL,IN,1
IL,CR,1
IL,IE,1
IL,ES,4
IL,SG,5
IL,IL,1
IL,KH,1
IL,US,25
IL,KR,3
IL,SI,2
IL,KW,1
IL,MP,1
IL,SD,1
IL,MY,3
IL,SE,11
IL,GB,15
IN,ZZZ,1
IN,CA,1
IN,DE,1
IN,AU,1
IN,US,1
IQ,ZZZ,209
IQ,BE,51
IQ,BG,1
IQ,BA,1
IQ,JP,47
IQ,BV,1
IQ,JO,1
IQ,BR,20
IQ,RU,1
IQ,RO,2
IQ,GT,1
IQ,GR,3
IQ,BH,1
IQ,GB,178
IQ,GN,1
IQ,OM,27
IQ,HR,2
IQ,HU,1
IQ,HK,12
IQ,PR,5
IQ,PT,30
IQ,PA,1
IQ,PE,2
IQ,PK,1
IQ,PH,1
IQ,PL,6
IQ,EE,1
IQ,EC,1
IQ,ES,32
IQ,MD,1
IQ,UY,1
IQ,MC,1
IQ,MO,1
IQ,US,212
IQ,MT,2
IQ,MY,12
IQ,MX,9
IQ,AT,25
IQ,FR,81
IQ,MA,1
IQ,FI,37
IQ,NI,1
IQ,NL,105
IQ,NO,90
IQ,NZ,24
IQ,NP,1
IQ,CK,1
IQ,CH,63
IQ,CN,9
IQ,CL,1
IQ,CA,179
IQ,CZ,10
IQ,CR,2
IQ,KE,1
IQ,KN,1
IQ,SK,1
IQ,KR,12
IQ,SI,1
IQ,KW,3
IQ,KZ,1
IQ,SA,10
IQ,SG,15
IQ,SE,77
IQ,DM,2
IQ,DK,34
IQ,DE,123
IQ,LB,2
IQ,TW,12
IQ,TR,2
IQ,LT,5
IQ,LU,9
IQ,TH,20
IQ,AE,27
IQ,VE,3
IQ,IQ,3
IQ,IS,3
IQ,IR,5
IQ,IT,44
IQ,VN,2
IQ,AQ,1
IQ,AR,1
IQ,AU,132
IQ,IL,3
IQ,IN,3
IQ,IE,15
IQ,ID,5
IQ,QA,6
JO,ZZZ,153
JO,BE,48
JO,FR,63
JO,DM,5
JO,DK,14
JO,HR,3
JO,BM,1
JO,DE,93
JO,JP,33
JO,HU,3
JO,HK,11
JO,BV,2
JO,JO,5
JO,BR,9
JO,BS,5
JO,FI,35
JO,EG,2
JO,MA,1
JO,GR,1
JO,KR,2
JO,PR,1
JO,SK,1
JO,NL,73
JO,PT,15
JO,NO,94
JO,KE,1
JO,TW,6
JO,TR,4
JO,LT,1
JO,TN,1
JO,NZ,24
JO,LU,4
JO,GI,1
JO,TH,8
JO,VI,1
JO,PH,2
JO,RO,2
JO,IS,1
JO,UA,1
JO,CH,40
JO,AE,21
JO,CN,5
JO,RU,1
JO,EE,1
JO,BH,1
JO,CA,138
JO,IR,3
JO,IT,27
JO,ZA,1
JO,BG,1
JO,CZ,5
JO,CY,3
JO,AR,1
JO,AU,104
JO,GB,106
JO,IN,7
JO,CR,1
JO,IE,10
JO,ID,3
JO,ES,26
JO,KY,1
JO,OM,3
JO,GT,3
JO,UY,1
JO,PA,1
JO,MC,1
JO,SG,10
JO,IL,12
JO,KH,2
JO,US,155
JO,QA,4
JO,MT,2
JO,SI,1
JO,KW,10
JO,PL,4
JO,LB,2
JO,SA,2
JO,MY,10
JO,MX,8
JO,SE,64
JO,AT,15
KE,ZZZ,5015
KE,BE,1214
KE,BG,4
KE,BA,1
KE,WF,5
KE,BM,16
KE,BN,1
KE,JP,391
KE,BJ,1
KE,JM,5
KE,BV,8
KE,BW,1
KE,BR,128
KE,BS,42
KE,BZ,4
KE,RU,6
KE,LT,8
KE,RO,15
KE,GU,3
KE,GT,10
KE,GR,27
KE,GP,1
KE,BH,1
KE,GE,2
KE,GD,2
KE,GB,2351
KE,PK,2
KE,GN,4
KE,GL,4
KE,GI,3
KE,OM,10
KE,HR,20
KE,HT,1
KE,HU,23
KE,HK,103
KE,HN,2
KE,PR,8
KE,PT,257
KE,PA,5
KE,UY,4
KE,PE,5
KE,SO,1
KE,PH,17
KE,PL,58
KE,ZM,1
KE,EE,4
KE,ZA,105
KE,EC,2
KE,AO,4
KE,ET,3
KE,KY,10
KE,ES,391
KE,ER,2
KE,MD,1
KE,MG,1
KE,MA,7
KE,MC,6
KE,MO,1
KE,MN,2
KE,US,5782
KE,MU,2
KE,MT,15
KE,MV,1
KE,UG,11
KE,UA,2
KE,MX,71
KE,AT,207
KE,FR,655
KE,FI,381
KE,FO,4
KE,NI,4
KE,NL,1435
KE,NO,1253
KE,NA,3
KE,VU,5
KE,NF,2
KE,NG,1
KE,NZ,255
KE,XK,2
KE,CH,623
KE,CO,11
KE,CN,56
KE,CM,1
KE,CL,4
KE,CA,3596
KE,CZ,74
KE,CY,10
KE,CR,14
KE,SZ,2
KE,KG,2
KE,KE,61
KE,KH,10
KE,KN,4
KE,SK,12
KE,KR,37
KE,SI,21
KE,KW,33
KE,SN,2
KE,SM,3
KE,SA,15
KE,SG,145
KE,SE,1043
KE,DM,11
KE,DK,426
KE,DE,1700
KE,YE,1
KE,UM,2
KE,LB,6
KE,LA,5
KE,TW,132
KE,TR,21
KE,LI,1
KE,LV,1
KE,TL,3
KE,LU,43
KE,TH,45
KE,TC,1
KE,LY,1
KE,AE,70
KE,VE,8
KE,AF,14
KE,IQ,2
KE,IS,61
KE,IR,12
KE,IT,517
KE,VN,8
KE,AQ,2
KE,AR,14
KE,AU,2329
KE,IL,60
KE,AW,1
KE,IN,60
KE,TZ,3
KE,AZ,1
KE,IE,192
KE,ID,18
KE,MY,73
KE,QA,13
KG,ZZZ,553
KG,BE,252
KG,BG,4
KG,BA,4
KG,WF,3
KG,BM,5
KG,JP,124
KG,BV,7
KG,BR,43
KG,BS,16
KG,BZ,1
KG,RU,11
KG,RO,5
KG,GT,2
KG,GR,2
KG,BH,1
KG,GE,1
KG,GB,366
KG,GN,1
KG,OM,25
KG,HR,4
KG,HU,7
KG,HK,30
KG,PR,2
KG,PT,79
KG,PA,2
KG,PE,1
KG,PK,2
KG,PH,8
KG,PL,23
KG,EE,8
KG,ZA,5
KG,EC,1
KG,SA,9
KG,ES,86
KG,MD,1
KG,UY,3
KG,MC,1
KG,MN,1
KG,US,559
KG,MT,2
KG,UA,2
KG,MX,16
KG,IL,19
KG,FR,187
KG,MA,1
KG,FI,111
KG,NL,265
KG,NO,275
KG,NF,1
KG,NZ,75
KG,NP,3
KG,XK,4
KG,CH,175
KG,CO,3
KG,CN,22
KG,CL,1
KG,CA,511
KG,CZ,22
KG,CY,2
KG,CR,9
KG,KG,21
KG,KE,3
KG,KH,1
KG,SK,2
KG,KR,23
KG,SI,6
KG,KW,13
KG,KZ,6
KG,KY,2
KG,SG,61
KG,SE,241
KG,DM,6
KG,DK,95
KG,DE,378
KG,YE,2
KG,AT,69
KG,TW,46
KG,TT,1
KG,TR,10
KG,LV,1
KG,LT,2
KG,LU,16
KG,TH,19
KG,TC,1
KG,AE,25
KG,VE,1
KG,AF,3
KG,IS,8
KG,IR,7
KG,AM,1
KG,IT,128
KG,VN,2
KG,AQ,1
KG,AR,4
KG,AU,392
KG,VU,7
KG,AW,3
KG,IN,23
KG,AZ,1
KG,IE,37
KG,ID,16
KG,MY,35
KG,QA,4
KH,ZZZ,5679
KH,BE,1653
KH,BG,3
KH,BA,2
KH,BB,5
KH,WF,1
KH,BM,8
KH,BO,1
KH,JP,894
KH,BJ,3
KH,JM,2
KH,BV,7
KH,BR,89
KH,BS,19
KH,RU,11
KH,RS,2
KH,TL,3
KH,RE,1
KH,RO,11
KH,GT,13
KH,GR,30
KH,BH,5
KH,GD,1
KH,GB,2913
KH,SV,1
KH,GN,3
KH,GM,1
KH,GL,3
KH,GI,5
KH,GH,4
KH,OM,33
KH,TN,1
KH,HR,21
KH,HT,1
KH,HU,47
KH,HK,312
KH,HN,1
KH,AD,2
KH,PR,10
KH,PS,1
KH,PT,433
KH,VG,1
KH,PA,2
KH,PE,5
KH,PK,5
KH,PH,19
KH,PL,59
KH,ZM,1
KH,EE,29
KH,EG,9
KH,ZA,42
KH,EC,2
KH,IT,678
KH,AO,1
KH,ET,1
KH,KY,7
KH,ES,506
KH,UY,6
KH,MC,1
KH,MO,19
KH,MN,115
KH,US,6246
KH,UM,3
KH,MT,28
KH,MV,1
KH,PY,1
KH,MY,228
KH,MX,97
KH,IL,125
KH,FR,1169
KH,MP,2
KH,MA,2
KH,FI,546
KH,FJ,3
KH,FO,3
KH,NL,1748
KH,NO,1665
KH,VU,2
KH,NC,1
KH,NF,4
KH,NG,1
KH,NZ,584
KH,NP,2
KH,CK,3
KH,XK,6
KH,CH,1013
KH,CO,4
KH,CN,121
KH,CL,16
KH,CA,4517
KH,CZ,79
KH,CY,12
KH,CR,12
KH,CU,1
KH,SZ,1
KH,KG,3
KH,KE,13
KH,KH,68
KH,KN,6
KH,SK,14
KH,KR,119
KH,SI,16
KH,KP,1
KH,KW,38
KH,SM,1
KH,KZ,3
KH,SA,14
KH,SG,647
KH,SE,1311
KH,DO,3
KH,DM,13
KH,DJ,1
KH,DK,628
KH,DE,1967
KH,MU,1
KH,LB,7
KH,LA,17
KH,TW,225
KH,TT,2
KH,TR,29
KH,LK,8
KH,LI,2
KH,LV,6
KH,LT,7
KH,LU,70
KH,TH,245
KH,TC,3
KH,LY,1
KH,VC,2
KH,AE,122
KH,VE,5
KH,AF,16
KH,IQ,4
KH,IS,94
KH,IR,33
KH,AL,1
KH,VN,56
KH,AN,3
KH,AR,12
KH,AU,3284
KH,AT,299
KH,IN,119
KH,TZ,1
KH,AZ,1
KH,IE,302
KH,ID,54
KH,UA,1
KH,QA,14
KH,BD,1
LB,ZZZ,1336
LB,BE,556
LB,BG,3
LB,BA,1
LB,WF,1
LB,BM,3
LB,BO,1
LB,JP,258
LB,JM,2
LB,BV,11
LB,JO,10
LB,BR,83
LB,BS,8
LB,BZ,2
LB,RU,3
LB,RS,1
LB,TL,1
LB,RE,1
LB,RO,6
LB,GT,4
LB,GR,16
LB,BH,9
LB,GE,2
LB,GB,956
LB,GN,2
LB,GL,1
LB,GI,2
LB,OM,101
LB,HR,11
LB,HU,17
LB,HK,50
LB,VE,1
LB,PR,4
LB,PS,1
LB,PT,157
LB,PA,3
LB,PE,1
LB,PK,5
LB,PH,7
LB,PL,24
LB,ZM,1
LB,EE,6
LB,EG,10
LB,ZA,7
LB,EC,3
LB,AL,1
LB,ET,1
LB,ES,162
LB,MD,1
LB,MG,1
LB,UY,1
LB,MC,3
LB,UZ,1
LB,MO,7
LB,US,1353
LB,UM,2
LB,MT,16
LB,MW,1
LB,MV,1
LB,MY,75
LB,MX,56
LB,IL,49
LB,FR,385
LB,MA,1
LB,FI,181
LB,FJ,1
LB,FO,1
LB,NI,2
LB,NL,681
LB,NO,627
LB,NF,1
LB,NZ,142
LB,NP,1
LB,CK,1
LB,XK,1
LB,CH,289
LB,CO,4
LB,CN,33
LB,CL,6
LB,CA,1163
LB,CZ,24
LB,CY,11
LB,CR,5
LB,SZ,1
LB,KG,1
LB,KE,6
LB,KH,6
LB,KN,1
LB,SK,7
LB,KR,34
LB,SI,6
LB,KW,88
LB,SN,1
LB,SM,1
LB,KZ,1
LB,SA,34
LB,SG,110
LB,SE,351
LB,SD,1
LB,DM,12
LB,DK,195
LB,DE,717
LB,YE,1
LB,DZ,1
LB,LB,16
LB,TW,41
LB,TT,2
LB,TR,10
LB,LI,1
LB,TN,2
LB,LT,8
LB,LU,18
LB,TH,37
LB,LY,9
LB,VC,1
LB,AE,114
LB,AD,1
LB,AF,1
LB,IQ,2
LB,VI,4
LB,IS,33
LB,IR,39
LB,AM,3
LB,IT,198
LB,VN,7
LB,AN,1
LB,AQ,1
LB,AR,7
LB,AU,748
LB,AT,109
LB,IN,24
LB,TZ,1
LB,AZ,1
LB,IE,127
LB,ID,22
LB,UA,1
LB,QA,5
LK,ZZZ,52
LK,BE,6
LK,FR,14
LK,DM,2
LK,DK,4
LK,DE,9
LK,JP,6
LK,HK,3
LK,FI,2
LK,NL,42
LK,PT,5
LK,NO,11
LK,NZ,2
LK,ZM,1
LK,CH,10
LK,AE,1
LK,CN,2
LK,CA,29
LK,IT,4
LK,CZ,1
LK,AU,18
LK,GB,17
LK,ES,2
LK,UY,1
LK,US,62
LK,KR,4
LK,MY,1
LK,SE,8
LK,AT,1
LR,ZZZ,452
LR,BE,161
LR,FR,148
LR,DM,9
LR,DK,49
LR,HR,1
LR,BM,1
LR,DE,177
LR,JP,45
LR,HU,1
LR,HK,14
LR,BV,4
LR,BG,2
LR,BR,10
LR,BS,3
LR,FI,50
LR,GR,1
LR,PR,1
LR,RU,1
LR,MT,1
LR,NL,128
LR,PT,30
LR,NO,135
LR,TW,13
LR,TT,1
LR,TR,8
LR,LT,2
LR,ID,4
LR,TN,1
LR,NZ,21
LR,LU,5
LR,LR,2
LR,GI,1
LR,TH,11
LR,AT,23
LR,AE,3
LR,IS,2
LR,PL,8
LR,RW,1
LR,GU,1
LR,CH,56
LR,CO,1
LR,CN,6
LR,CL,1
LR,BH,1
LR,CA,347
LR,IR,1
LR,IT,74
LR,ZA,7
LR,CZ,5
LR,AR,1
LR,AU,205
LR,IL,7
LR,IN,7
LR,LB,1
LR,IE,15
LR,PH,7
LR,ES,42
LR,KY,2
LR,SZ,1
LR,OM,1
LR,GT,1
LR,KE,1
LR,MY,18
LR,US,530
LR,QA,1
LR,KR,6
LR,SI,1
LR,KW,1
LR,KZ,1
LR,SA,2
LR,SG,25
LR,MX,6
LR,SE,105
LR,GB,244
MD,ZZZ,64
MD,BE,12
MD,FR,21
MD,DK,6
MD,WF,1
MD,DE,33
MD,JP,10
MD,HU,1
MD,BV,1
MD,CH,10
MD,BR,2
MD,FI,2
MD,SG,4
MD,KR,1
MD,IS,3
MD,NL,26
MD,PT,8
MD,NO,27
MD,TW,1
MD,LI,1
MD,NZ,5
MD,LU,3
MD,TH,1
MD,PH,2
MD,RO,3
MD,EG,1
MD,GT,1
MD,AE,3
MD,GR,1
MD,AF,1
MD,VI,2
MD,CA,59
MD,IR,1
MD,IT,10
MD,CD,1
MD,CZ,1
MD,CY,1
MD,AU,28
MD,GB,37
MD,IN,2
MD,IE,4
MD,ES,6
MD,OM,1
MD,MY,2
MD,IL,3
MD,US,71
MD,MU,1
MD,MT,1
MD,SA,1
MD,UA,1
MD,MX,2
MD,SE,15
MD,AT,7
ML,ZZZ,807
ML,BE,308
ML,BG,2
ML,BA,1
ML,WF,2
ML,BM,2
ML,BO,2
ML,JP,115
ML,JM,1
ML,BV,10
ML,JO,2
ML,BR,21
ML,BS,20
ML,BZ,2
ML,RU,1
ML,RO,2
ML,GT,1
ML,GR,10
ML,BH,2
ML,GB,479
ML,SV,1
ML,GH,1
ML,OM,6
ML,HR,7
ML,HT,1
ML,HU,9
ML,HK,32
ML,PK,1
ML,VE,3
ML,PR,2
ML,PS,1
ML,PT,90
ML,PA,2
ML,PE,1
ML,SO,2
ML,PH,4
ML,PL,14
ML,EE,3
ML,ZA,18
ML,EC,1
ML,VN,3
ML,ES,103
ML,ER,1
ML,MG,1
ML,UY,1
ML,LV,1
ML,ML,3
ML,US,854
ML,MT,5
ML,UG,2
ML,MY,35
ML,MX,16
ML,IL,16
ML,FR,305
ML,FI,127
ML,NI,2
ML,NL,374
ML,NO,267
ML,NA,2
ML,NF,1
ML,NG,1
ML,NZ,65
ML,XK,3
ML,CH,191
ML,CO,2
ML,CN,43
ML,CL,1
ML,CA,688
ML,CZ,17
ML,CY,1
ML,CR,6
ML,SZ,2
ML,KE,4
ML,KH,2
ML,KN,2
ML,SK,4
ML,KR,12
ML,SI,3
ML,KW,10
ML,SN,1
ML,SA,4
ML,SG,51
ML,SE,289
ML,SD,1
ML,DM,11
ML,DK,120
ML,DE,447
ML,AT,62
ML,TZ,3
ML,TW,49
ML,TT,1
ML,TR,6
ML,LK,2
ML,TN,2
ML,LT,1
ML,LU,11
ML,TH,20
ML,AE,30
ML,AD,1
ML,IS,17
ML,IR,5
ML,IT,172
ML,AO,1
ML,AR,5
ML,AU,464
ML,VU,3
ML,IN,21
ML,LB,1
ML,IE,46
ML,ID,5
ML,QA,2
MN,ZZZ,1117
MN,BE,365
MN,BG,6
MN,BA,7
MN,BB,1
MN,WF,2
MN,BM,2
MN,BN,1
MN,JP,177
MN,BJ,2
MN,BV,3
MN,BR,40
MN,BS,12
MN,RU,6
MN,RS,1
MN,TL,2
MN,LR,1
MN,RO,3
MN,GU,1
MN,GT,4
MN,GR,8
MN,GB,736
MN,GL,2
MN,GI,3
MN,OM,14
MN,HR,8
MN,HT,1
MN,HU,19
MN,HK,80
MN,HN,1
MN,VE,2
MN,PR,5
MN,PS,1
MN,PT,126
MN,PA,3
MN,UY,2
MN,PE,2
MN,PK,4
MN,PH,5
MN,PL,12
MN,EE,4
MN,EG,1
MN,ZA,16
MN,AL,1
MN,SA,7
MN,ES,144
MN,MD,1
MN,MA,1
MN,MC,2
MN,ML,1
MN,MO,3
MN,MN,87
MN,US,1175
MN,MT,16
MN,MY,47
MN,MX,32
MN,AT,86
MN,FR,363
MN,FI,197
MN,FJ,1
MN,NI,1
MN,NL,511
MN,NO,497
MN,VU,7
MN,NC,1
MN,NG,1
MN,NZ,148
MN,NP,5
MN,CK,1
MN,XK,1
MN,CH,335
MN,CO,3
MN,CN,44
MN,CL,4
MN,CA,1016
MN,CD,1
MN,CZ,24
MN,CR,5
MN,SZ,1
MN,KG,2
MN,KE,9
MN,KH,2
MN,SK,6
MN,KR,48
MN,SI,10
MN,KW,21
MN,SN,1
MN,SM,1
MN,KZ,2
MN,KY,1
MN,SG,117
MN,SE,355
MN,SD,2
MN,DM,11
MN,DK,163
MN,DE,537
MN,DZ,1
MN,TZ,2
MN,TW,60
MN,TT,1
MN,TR,11
MN,LK,1
MN,LI,2
MN,LV,2
MN,LT,4
MN,LU,22
MN,TJ,1
MN,TH,55
MN,LY,1
MN,VC,1
MN,AE,32
MN,AD,3
MN,AF,7
MN,IQ,1
MN,IS,27
MN,IR,13
MN,AM,1
MN,IT,196
MN,VN,15
MN,AN,1
MN,AQ,1
MN,AR,6
MN,AU,758
MN,IL,34
MN,AW,1
MN,IN,40
MN,LB,2
MN,IE,89
MN,ID,17
MN,QA,2
MW,ZZZ,1
MW,FR,1
MW,NL,1
MW,NO,1
MW,MY,1
MW,CA,1
MW,JP,1
MW,US,1
MW,SK,1
MW,CZ,1
MW,MW,1
MW,AU,1
MW,GB,1
MW,FI,1
MW,AE,1
MW,ID,1
MW,SE,1
MX,ZZZ,2034
MX,BE,426
MX,BG,3
MX,BB,1
MX,WF,4
MX,BM,2
MX,BN,1
MX,JP,152
MX,BJ,1
MX,BV,4
MX,JO,1
MX,BR,52
MX,BS,17
MX,BZ,4
MX,RU,5
MX,RW,1
MX,RO,2
MX,GT,15
MX,GR,8
MX,GD,1
MX,GB,743
MX,GN,2
MX,GI,1
MX,GH,1
MX,OM,13
MX,HR,7
MX,HU,6
MX,HK,57
MX,HN,2
MX,VE,1
MX,PR,27
MX,PT,93
MX,PA,2
MX,UY,3
MX,PE,1
MX,PK,1
MX,PH,9
MX,PL,22
MX,EE,4
MX,EG,1
MX,ZA,9
MX,EC,1
MX,SA,5
MX,ES,173
MX,MA,3
MX,MC,2
MX,MM,1
MX,MO,1
MX,MN,2
MX,US,2352
MX,MU,1
MX,MT,10
MX,MV,1
MX,UA,5
MX,MX,386
MX,IL,30
MX,FR,335
MX,FI,138
MX,NI,1
MX,NL,483
MX,NO,425
MX,NG,2
MX,NZ,102
MX,CH,259
MX,CO,4
MX,CN,29
MX,CL,2
MX,CA,1568
MX,CD,7
MX,CZ,21
MX,CY,1
MX,CR,10
MX,SZ,3
MX,KE,3
MX,KH,5
MX,KN,1
MX,SK,5
MX,KR,28
MX,SI,9
MX,KW,13
MX,KZ,2
MX,KY,7
MX,SG,84
MX,SE,276
MX,DO,1
MX,DM,6
MX,DK,182
MX,DE,584
MX,YE,3
MX,AT,73
MX,TZ,1
MX,LA,1
MX,TW,40
MX,TR,8
MX,LK,2
MX,LV,1
MX,LT,11
MX,LU,16
MX,TH,47
MX,AE,39
MX,AD,1
MX,AF,7
MX,IQ,2
MX,IS,21
MX,IR,6
MX,IT,187
MX,VN,5
MX,AR,5
MX,AU,742
MX,VU,7
MX,AW,2
MX,IN,25
MX,IE,112
MX,ID,14
MX,MY,35
MX,QA,10
MZ,ZZZ,400
MZ,BE,92
MZ,FR,132
MZ,DM,12
MZ,DK,38
MZ,FO,1
MZ,HR,3
MZ,BM,2
MZ,DE,135
MZ,JP,45
MZ,LU,6
MZ,HU,1
MZ,HK,13
MZ,BV,1
MZ,GT,1
MZ,HN,1
MZ,BR,24
MZ,BS,1
MZ,FI,24
MZ,CR,1
MZ,CN,6
MZ,RU,2
MZ,NL,114
MZ,PT,154
MZ,NO,97
MZ,TW,6
MZ,LT,3
MZ,LI,1
MZ,TN,1
MZ,NZ,22
MZ,MT,1
MZ,TH,6
MZ,AT,15
MZ,RO,4
MZ,IS,6
MZ,PL,5
MZ,CH,63
MZ,AE,15
MZ,GR,2
MZ,EE,1
MZ,BH,1
MZ,CA,329
MZ,IT,34
MZ,EC,1
MZ,ZA,19
MZ,MW,1
MZ,CZ,3
MZ,AR,1
MZ,AU,177
MZ,GB,210
MZ,IN,2
MZ,TZ,5
MZ,MN,1
MZ,IE,18
MZ,PH,1
MZ,ES,36
MZ,KY,1
MZ,SZ,1
MZ,OM,1
MZ,PA,1
MZ,KE,4
MZ,JM,1
MZ,AO,3
MZ,SG,14
MZ,MO,2
MZ,KH,1
MZ,US,468
MZ,BG,1
MZ,KR,7
MZ,SI,2
MZ,KW,1
MZ,MP,1
MZ,SM,1
MZ,NA,1
MZ,SA,4
MZ,MY,23
MZ,MX,14
MZ,SE,62
MZ,IL,5
NG,ZZZ,1718
NG,BE,350
NG,BA,2
NG,BB,1
NG,WF,2
NG,BM,4
NG,JP,152
NG,BJ,1
NG,JM,1
NG,BV,6
NG,JO,1
NG,BR,32
NG,BS,6
NG,BZ,1
NG,RU,3
NG,RE,2
NG,RO,3
NG,GR,11
NG,BH,1
NG,GB,704
NG,PK,1
NG,GI,3
NG,GH,1
NG,OM,4
NG,HU,9
NG,HK,34
NG,PR,1
NG,PT,105
NG,PF,1
NG,KW,12
NG,PH,5
NG,PL,21
NG,EE,2
NG,ZA,19
NG,EC,1
NG,KY,2
NG,ES,127
NG,UY,2
NG,MC,2
NG,MO,2
NG,MN,1
NG,US,1938
NG,MU,1
NG,MT,2
NG,UG,1
NG,MY,30
NG,MX,15
NG,AT,63
NG,FR,305
NG,FI,115
NG,NI,2
NG,NL,413
NG,NO,328
NG,NA,1
NG,NC,1
NG,NG,1
NG,NZ,76
NG,NP,2
NG,XK,2
NG,CH,249
NG,CO,1
NG,CN,24
NG,CL,6
NG,CA,1366
NG,CZ,13
NG,CY,5
NG,CR,4
NG,SZ,2
NG,KE,2
NG,KH,2
NG,KN,1
NG,SK,4
NG,KR,8
NG,SI,2
NG,SO,1
NG,SN,1
NG,SA,4
NG,SG,62
NG,SE,320
NG,SD,1
NG,DM,2
NG,DK,168
NG,DE,520
NG,UM,1
NG,LB,1
NG,TW,26
NG,TT,2
NG,TR,4
NG,LK,1
NG,LI,1
NG,LT,1
NG,LU,9
NG,TH,11
NG,VC,2
NG,AE,27
NG,VE,2
NG,AF,4
NG,IS,22
NG,IR,5
NG,IT,159
NG,AO,1
NG,AQ,1
NG,AR,2
NG,AU,710
NG,IL,29
NG,AW,1
NG,IN,27
NG,IE,65
NG,ID,5
NG,QA,1
NI,ZZZ,4088
NI,BE,1326
NI,BF,1
NI,BG,2
NI,BA,3
NI,BB,2
NI,WF,6
NI,BM,8
NI,BN,1
NI,BO,1
NI,JP,332
NI,BV,3
NI,JO,1
NI,BR,113
NI,BS,17
NI,BZ,4
NI,RU,7
NI,RW,1
NI,RS,2
NI,TL,2
NI,RO,8
NI,GT,18
NI,GR,16
NI,BH,1
NI,GD,1
NI,GB,1609
NI,GI,2
NI,OM,6
NI,BW,1
NI,HR,17
NI,HU,17
NI,HK,69
NI,HN,1
NI,PR,20
NI,PT,177
NI,KN,3
NI,PA,19
NI,UY,2
NI,PE,1
NI,PK,1
NI,PH,8
NI,PL,40
NI,EE,6
NI,EG,3
NI,ZA,20
NI,EC,2
NI,AL,1
NI,KY,7
NI,ES,387
NI,MG,1
NI,MA,3
NI,MC,4
NI,MO,2
NI,US,4575
NI,UM,2
NI,MT,11
NI,MP,1
NI,UA,3
NI,MX,80
NI,AT,172
NI,FR,577
NI,FI,296
NI,FJ,1
NI,FO,1
NI,NI,33
NI,NL,1224
NI,NO,1067
NI,NA,2
NI,VU,3
NI,NF,2
NI,NG,4
NI,NZ,200
NI,NP,1
NI,CK,3
NI,CI,1
NI,CH,591
NI,CO,11
NI,CN,55
NI,CL,8
NI,CA,3157
NI,CZ,40
NI,CY,9
NI,CR,36
NI,SZ,1
NI,KE,10
NI,KH,7
NI,SV,2
NI,SK,11
NI,KR,30
NI,SI,6
NI,KW,21
NI,KZ,1
NI,SA,15
NI,SG,163
NI,SE,715
NI,DO,2
NI,DM,11
NI,DK,358
NI,DE,1288
NI,LB,1
NI,TW,106
NI,TT,1
NI,TR,12
NI,LK,1
NI,LV,1
NI,LT,12
NI,LU,45
NI,TH,68
NI,VC,2
NI,AE,53
NI,VE,3
NI,AF,3
NI,IQ,2
NI,VI,1
NI,IS,39
NI,IR,49
NI,IT,368
NI,VN,4
NI,AN,2
NI,AQ,2
NI,AR,27
NI,AU,1800
NI,IL,57
NI,AW,1
NI,IN,41
NI,IE,162
NI,ID,15
NI,MY,87
NI,QA,7
NP,ZZZ,165
NP,BE,12
NP,FR,63
NP,DM,10
NP,DK,29
NP,HR,1
NP,DE,65
NP,JP,9
NP,AT,4
NP,HK,2
NP,FI,8
NP,PR,1
NP,NL,90
NP,PT,8
NP,NO,19
NP,TW,6
NP,LT,2
NP,NZ,9
NP,PE,1
NP,MT,1
NP,IS,1
NP,PL,13
NP,CH,12
NP,AE,3
NP,CN,1
NP,AF,1
NP,EG,1
NP,CA,107
NP,IT,12
NP,VN,1
NP,SA,1
NP,CZ,4
NP,CY,1
NP,AU,61
NP,GB,80
NP,IN,1
NP,IE,5
NP,PH,1
NP,ES,3
NP,MY,3
NP,MN,2
NP,US,244
NP,QA,1
NP,KR,2
NP,MV,2
NP,KY,1
NP,SG,7
NP,MX,4
NP,SE,27
NP,IL,1
PE,ZZZ,8571
PE,BE,2223
PE,BG,11
PE,BA,14
PE,BB,5
PE,WF,9
PE,BM,21
PE,JP,640
PE,BJ,2
PE,JM,1
PE,BV,5
PE,JO,4
PE,BR,407
PE,BS,70
PE,BZ,4
PE,RU,13
PE,RW,2
PE,RS,7
PE,RE,2
PE,RO,31
PE,GU,1
PE,GT,18
PE,GR,36
PE,BH,2
PE,GD,1
PE,GB,3338
PE,GN,2
PE,GM,1
PE,GI,6
PE,GH,2
PE,OM,26
PE,IL,126
PE,HR,24
PE,HT,1
PE,HU,78
PE,HK,159
PE,HN,1
PE,AD,2
PE,PR,38
PE,PS,3
PE,PT,516
PE,PA,14
PE,UY,3
PE,PE,76
PE,PK,4
PE,PH,34
PE,PL,67
PE,EE,12
PE,EG,7
PE,ZA,41
PE,EC,5
PE,AL,1
PE,AO,1
PE,SB,1
PE,ET,1
PE,ZW,1
PE,SA,24
PE,ES,843
PE,MD,1
PE,MG,1
PE,MA,23
PE,MC,5
PE,LV,4
PE,MO,6
PE,MN,1
PE,US,9787
PE,MU,3
PE,MT,42
PE,MP,3
PE,UG,1
PE,MY,160
PE,MX,162
PE,AT,418
PE,FR,1377
PE,FI,679
PE,FJ,19
PE,FO,4
PE,NI,7
PE,NL,2429
PE,NO,2426
PE,NA,5
PE,NF,4
PE,NG,15
PE,NZ,524
PE,NP,4
PE,CK,1
PE,XK,1
PE,CH,1294
PE,CO,29
PE,CN,314
PE,CM,1
PE,CL,44
PE,CA,6822
PE,CD,1
PE,CZ,102
PE,CY,21
PE,CR,32
PE,CV,1
PE,CU,2
PE,SZ,6
PE,KG,2
PE,KE,7
PE,KH,12
PE,KN,2
PE,SK,36
PE,KR,97
PE,SI,31
PE,KW,71
PE,SN,1
PE,SM,3
PE,KZ,2
PE,KY,21
PE,SG,363
PE,SE,1655
PE,SD,2
PE,DO,12
PE,DM,9
PE,DK,888
PE,DE,2857
PE,YE,1
PE,DZ,1
PE,UM,3
PE,LB,9
PE,LA,1
PE,TW,245
PE,TT,5
PE,TR,44
PE,LK,7
PE,LI,1
PE,TN,1
PE,LT,38
PE,LU,90
PE,TH,143
PE,TC,1
PE,LY,1
PE,VC,3
PE,AE,115
PE,VE,7
PE,AF,21
PE,IQ,1
PE,VI,2
PE,IS,87
PE,IR,30
PE,AM,1
PE,IT,1050
PE,VN,8
PE,AQ,1
PE,AS,1
PE,AR,42
PE,AU,3897
PE,VU,19
PE,AW,3
PE,IN,104
PE,TZ,2
PE,AZ,3
PE,IE,398
PE,ID,62
PE,UA,4
PE,QA,16
PE,MZ,2
PH,ZZZ,8770
PH,BE,2358
PH,BG,5
PH,BA,1
PH,WF,10
PH,BM,4
PH,BN,1
PH,BO,1
PH,JP,732
PH,JM,1
PH,BV,14
PH,JO,4
PH,BR,241
PH,BS,84
PH,BZ,2
PH,RU,10
PH,RS,1
PH,RE,2
PH,RO,21
PH,GU,5
PH,GT,4
PH,GR,16
PH,GP,1
PH,BH,4
PH,GB,2986
PH,SV,2
PH,GL,3
PH,GI,2
PH,GH,3
PH,OM,18
PH,TN,1
PH,HR,24
PH,HU,35
PH,HK,305
PH,HN,1
PH,VE,2
PH,PR,3
PH,PW,1
PH,PT,351
PH,PY,1
PH,PA,8
PH,UY,4
PH,PE,1
PH,PK,3
PH,PH,458
PH,PL,60
PH,ZM,1
PH,EE,25
PH,EG,6
PH,ZA,27
PH,EC,4
PH,AL,1
PH,VN,15
PH,KZ,1
PH,KY,8
PH,ES,531
PH,MA,3
PH,MC,8
PH,MM,2
PH,MO,10
PH,MN,1
PH,MH,1
PH,US,11075
PH,UM,5
PH,MT,23
PH,MW,1
PH,MP,1
PH,UA,3
PH,MX,70
PH,IL,105
PH,FR,1007
PH,FI,543
PH,FJ,5
PH,FO,3
PH,NI,1
PH,NL,2243
PH,NO,2311
PH,NF,3
PH,NG,2
PH,NZ,454
PH,NP,11
PH,XK,2
PH,CH,983
PH,CO,10
PH,CN,130
PH,CM,2
PH,CL,21
PH,CA,5560
PH,CD,1
PH,CZ,86
PH,CY,16
PH,CR,20
PH,CU,1
PH,SZ,2
PH,SY,2
PH,KG,1
PH,KE,5
PH,KH,18
PH,KN,2
PH,SK,15
PH,KR,122
PH,SI,19
PH,KW,54
PH,SM,3
PH,SC,1
PH,SB,1
PH,SA,30
PH,SG,672
PH,SE,1328
PH,SD,2
PH,DO,1
PH,DM,14
PH,DK,611
PH,DE,2235
PH,YE,2
PH,AT,260
PH,TZ,1
PH,LA,4
PH,TW,240
PH,TT,5
PH,TR,35
PH,LK,4
PH,LI,3
PH,LV,6
PH,LT,8
PH,LU,62
PH,LR,1
PH,TH,202
PH,VC,1
PH,AE,180
PH,AD,1
PH,AF,6
PH,IQ,1
PH,IS,39
PH,IR,14
PH,AM,3
PH,IT,788
PH,AO,1
PH,AN,2
PH,AQ,1
PH,AR,12
PH,AU,3743
PH,VU,20
PH,IN,97
PH,LB,1
PH,AZ,1
PH,IE,252
PH,ID,55
PH,MY,319
PH,QA,24
PH,MZ,2
PK,ZZZ,1245
PK,BE,466
PK,BG,1
PK,BA,16
PK,BB,1
PK,BM,2
PK,BN,2
PK,BO,1
PK,JP,210
PK,BV,5
PK,JO,3
PK,BR,27
PK,RU,5
PK,RW,1
PK,RO,5
PK,GT,3
PK,GR,5
PK,BH,1
PK,GB,675
PK,GN,1
PK,GM,1
PK,GH,2
PK,OM,97
PK,IL,20
PK,HR,8
PK,HU,17
PK,HK,72
PK,HN,1
PK,AD,1
PK,PR,2
PK,PS,1
PK,PT,73
PK,PA,4
PK,UY,3
PK,PE,1
PK,PK,30
PK,PH,9
PK,PL,13
PK,EE,11
PK,EG,2
PK,ZA,8
PK,EC,1
PK,KY,1
PK,ES,125
PK,MA,1
PK,MC,1
PK,LV,3
PK,MO,2
PK,US,1306
PK,UM,1
PK,MT,8
PK,MV,1
PK,MP,1
PK,MY,72
PK,MX,40
PK,VU,8
PK,FR,285
PK,FI,146
PK,FO,1
PK,NL,403
PK,NO,379
PK,NC,1
PK,NZ,108
PK,NP,2
PK,CH,269
PK,CN,36
PK,CL,5
PK,CA,1016
PK,CZ,27
PK,CY,5
PK,CR,3
PK,SZ,1
PK,KE,8
PK,KH,3
PK,KN,1
PK,SK,6
PK,KR,30
PK,SI,5
PK,KW,38
PK,KZ,1
PK,SA,16
PK,SG,114
PK,SE,359
PK,DO,1
PK,DM,12
PK,DK,186
PK,DE,565
PK,LB,2
PK,TW,63
PK,TT,3
PK,TR,17
PK,LI,1
PK,TN,2
PK,LT,4
PK,LU,19
PK,LR,1
PK,TH,19
PK,LY,3
PK,AE,77
PK,VE,1
PK,AF,13
PK,IQ,2
PK,VI,2
PK,IS,27
PK,IR,3
PK,IT,197
PK,VN,2
PK,AQ,1
PK,AR,5
PK,AU,679
PK,AT,67
PK,IN,42
PK,TZ,1
PK,AZ,1
PK,IE,71
PK,ID,20
PK,QA,11
PK,BD,1
PS,ZZZ,360
PS,BE,112
PS,BG,1
PS,BN,1
PS,JP,84
PS,BV,3
PS,BW,1
PS,BR,25
PS,RU,3
PS,GT,2
PS,GR,6
PS,BH,4
PS,GB,288
PS,GI,1
PS,GH,1
PS,OM,14
PS,JO,1
PS,HR,11
PS,HT,1
PS,HU,7
PS,HK,21
PS,AD,1
PS,PR,3
PS,PS,2
PS,PT,142
PS,PA,1
PS,PE,1
PS,PK,1
PS,PL,9
PS,EE,3
PS,EG,1
PS,ZA,5
PS,ES,50
PS,UY,1
PS,MN,2
PS,US,364
PS,MT,6
PS,UA,2
PS,MX,12
PS,AT,41
PS,FR,159
PS,FI,70
PS,NL,203
PS,NO,194
PS,NF,2
PS,NZ,47
PS,NP,3
PS,CH,115
PS,CO,3
PS,CN,17
PS,CL,3
PS,CA,327
PS,CZ,4
PS,CY,3
PS,CR,2
PS,SZ,1
PS,KE,1
PS,KH,3
PS,KR,7
PS,SI,6
PS,KW,13
PS,KZ,1
PS,SA,17
PS,SG,41
PS,SE,148
PS,SD,1
PS,DM,14
PS,DK,78
PS,DE,214
PS,YE,1
PS,LB,6
PS,TW,16
PS,TR,6
PS,LI,1
PS,LT,3
PS,LU,10
PS,TH,16
PS,LY,2
PS,AE,48
PS,VE,5
PS,AF,1
PS,IS,15
PS,IR,11
PS,IT,88
PS,VN,2
PS,AQ,1
PS,AR,2
PS,AU,235
PS,IL,26
PS,IN,7
PS,IE,49
PS,ID,8
PS,MY,31
PS,QA,3
PY,ZZZ,1369
PY,BE,378
PY,BG,3
PY,BA,1
PY,WF,1
PY,BM,2
PY,JP,162
PY,BJ,1
PY,BV,3
PY,BR,135
PY,BS,27
PY,BZ,1
PY,RU,4
PY,RW,1
PY,RS,2
PY,RO,11
PY,GT,6
PY,GR,7
PY,GB,721
PY,GN,2
PY,GL,1
PY,GI,2
PY,OM,12
PY,IL,41
PY,HR,9
PY,HU,17
PY,HK,54
PY,PR,5
PY,PT,140
PY,PY,16
PY,PA,7
PY,PE,1
PY,PK,4
PY,PH,9
PY,PL,24
PY,EE,4
PY,EG,1
PY,ZA,11
PY,EC,3
PY,KY,1
PY,ES,240
PY,UY,2
PY,MC,1
PY,MO,2
PY,US,1478
PY,MU,1
PY,MT,10
PY,UA,2
PY,MX,48
PY,VU,8
PY,FR,352
PY,FI,156
PY,NL,488
PY,NO,506
PY,NG,6
PY,NZ,110
PY,NP,1
PY,CH,301
PY,CO,3
PY,CN,39
PY,CL,14
PY,CA,1209
PY,CD,1
PY,CZ,21
PY,CY,8
PY,CR,15
PY,SZ,1
PY,KE,6
PY,KH,2
PY,SV,1
PY,SK,7
PY,KR,23
PY,SI,9
PY,KW,26
PY,SM,1
PY,SC,1
PY,KZ,1
PY,SA,22
PY,SG,99
PY,SE,320
PY,DM,6
PY,DK,204
PY,DE,609
PY,TZ,2
PY,LA,1
PY,TW,73
PY,TT,1
PY,TR,15
PY,LK,3
PY,LI,1
PY,LV,1
PY,LT,13
PY,LU,24
PY,TH,50
PY,AE,36
PY,AF,3
PY,IQ,1
PY,IS,27
PY,IR,5
PY,IT,220
PY,VN,1
PY,AN,3
PY,AR,14
PY,AU,665
PY,AT,97
PY,AW,1
PY,IN,49
PY,IE,118
PY,ID,15
PY,MY,70
PY,QA,3
PY,BD,1
QS,ZZZ,744
QS,BE,165
QS,FR,179
QS,DM,14
QS,DK,47
QS,KH,1
QS,WF,1
QS,HR,2
QS,BM,3
QS,DE,251
QS,JP,74
QS,BF,1
QS,KN,1
QS,HK,12
QS,BV,2
QS,GT,1
QS,BR,12
QS,FI,51
QS,GR,3
QS,QS,2
QS,MT,1
QS,NL,204
QS,PT,44
QS,NO,148
QS,TW,11
QS,TR,1
QS,NG,1
QS,SK,4
QS,NZ,30
QS,LU,7
QS,TH,9
QS,PH,6
QS,RO,2
QS,IS,10
QS,PL,9
QS,XK,1
QS,CH,81
QS,AE,9
QS,CN,12
QS,AF,2
QS,BH,3
QS,CA,531
QS,IR,2
QS,IT,65
QS,ZA,7
QS,CZ,7
QS,AR,1
QS,AU,316
QS,GB,286
QS,QA,1
QS,IN,8
QS,LB,1
QS,HU,1
QS,IE,22
QS,ID,3
QS,ES,59
QS,SZ,1
QS,OM,2
QS,KE,3
QS,SG,20
QS,IL,14
QS,LA,1
QS,SV,2
QS,US,933
QS,UM,2
QS,KR,9
QS,MW,1
QS,MV,1
QS,SO,1
QS,SM,1
QS,KZ,2
QS,SA,3
QS,SD,1
QS,MY,17
QS,MX,8
QS,SE,135
QS,AT,24
RW,ZZZ,981
RW,BE,292
RW,BG,1
RW,BM,2
RW,JP,141
RW,BV,2
RW,BR,33
RW,BS,18
RW,BZ,1
RW,RU,2
RW,RW,4
RW,TL,1
RW,RO,4
RW,GR,5
RW,BH,1
RW,GB,628
RW,SV,1
RW,GN,2
RW,GI,1
RW,OM,7
RW,IL,23
RW,HR,7
RW,HU,13
RW,HK,38
RW,HN,1
RW,PK,1
RW,PR,2
RW,PT,88
RW,PA,2
RW,UY,1
RW,PE,1
RW,SO,1
RW,PH,14
RW,PL,26
RW,ZM,1
RW,EE,1
RW,EG,2
RW,ZA,20
RW,AL,1
RW,ET,1
RW,SA,2
RW,ES,136
RW,ER,2
RW,MA,2
RW,MC,2
RW,US,1003
RW,MU,2
RW,MT,7
RW,MV,1
RW,MY,41
RW,MX,30
RW,VU,5
RW,FR,276
RW,FI,153
RW,FO,1
RW,NI,2
RW,NL,390
RW,NO,375
RW,NZ,86
RW,CH,210
RW,CN,20
RW,CL,1
RW,CA,878
RW,CZ,20
RW,CY,5
RW,CR,3
RW,SZ,2
RW,KE,5
RW,KH,5
RW,KN,1
RW,SK,3
RW,KR,9
RW,SI,2
RW,KW,5
RW,KY,8
RW,SG,60
RW,SE,295
RW,DO,1
RW,DM,8
RW,DK,121
RW,DE,509
RW,TZ,3
RW,TW,35
RW,TT,3
RW,TR,10
RW,LV,1
RW,LT,7
RW,LU,20
RW,TH,14
RW,TC,1
RW,AE,25
RW,VE,4
RW,AF,5
RW,IQ,1
RW,IS,9
RW,IT,165
RW,VN,2
RW,AQ,1
RW,AR,4
RW,AU,596
RW,AT,83
RW,AW,1
RW,IN,12
RW,LB,3
RW,IE,56
RW,ID,14
RW,QA,3
SB,ZZZ,1
SB,FR,1
SB,NL,1
SB,US,1
SB,AU,1
SB,GB,1
SB,MY,1
SL,ZZZ,937
SL,BE,300
SL,BF,1
SL,BG,1
SL,BA,3
SL,WF,4
SL,BM,14
SL,JP,141
SL,JM,1
SL,BV,8
SL,BR,33
SL,BS,15
SL,BZ,1
SL,RU,1
SL,RS,1
SL,RO,3
SL,GR,2
SL,BH,1
SL,GE,1
SL,GB,584
SL,OM,12
SL,HR,13
SL,HU,6
SL,HK,35
SL,PR,3
SL,PT,82
SL,UY,3
SL,PH,21
SL,PL,15
SL,EE,6
SL,EG,3
SL,ZA,22
SL,AL,1
SL,ES,123
SL,ER,1
SL,MA,1
SL,MC,1
SL,ML,1
SL,MO,1
SL,US,1021
SL,UM,3
SL,MT,8
SL,MV,1
SL,MY,33
SL,MX,21
SL,IL,24
SL,FR,245
SL,FI,140
SL,FO,1
SL,NL,383
SL,NO,339
SL,NA,3
SL,NG,1
SL,NZ,67
SL,NP,3
SL,CK,1
SL,XK,1
SL,CH,185
SL,CO,2
SL,CN,15
SL,CL,3
SL,CA,832
SL,CZ,12
SL,CY,3
SL,CR,4
SL,KG,1
SL,KE,7
SL,KH,1
SL,SK,3
SL,KR,11
SL,SI,3
SL,KW,7
SL,SN,1
SL,SM,1
SL,KZ,2
SL,SA,5
SL,SG,57
SL,SE,297
SL,DM,11
SL,DK,128
SL,DE,466
SL,AT,57
SL,MU,1
SL,LB,2
SL,LA,2
SL,TW,35
SL,TR,4
SL,LK,1
SL,LT,3
SL,LU,14
SL,LR,2
SL,TH,18
SL,AE,21
SL,VE,3
SL,AF,2
SL,IS,22
SL,IR,7
SL,IT,155
SL,VN,3
SL,AN,1
SL,AR,6
SL,AU,511
SL,VU,1
SL,AW,1
SL,IN,18
SL,IE,70
SL,ID,9
SL,QA,1
SN,ZZZ,1137
SN,BE,285
SN,BF,1
SN,BG,1
SN,BA,2
SN,BB,1
SN,WF,1
SN,BM,3
SN,BO,1
SN,JP,149
SN,JM,2
SN,BV,1
SN,JO,1
SN,BR,38
SN,BS,14
SN,BZ,1
SN,RU,4
SN,RS,1
SN,TL,2
SN,RE,2
SN,RO,5
SN,GT,2
SN,GR,8
SN,BH,1
SN,GB,634
SN,GN,1
SN,GI,1
SN,OM,10
SN,HR,5
SN,HU,11
SN,HK,37
SN,PR,4
SN,PT,99
SN,PA,1
SN,SO,1
SN,PH,9
SN,PL,26
SN,ZA,21
SN,EC,1
SN,AL,1
SN,SA,4
SN,ES,116
SN,UY,3
SN,MC,2
SN,ML,2
SN,US,1228
SN,MT,4
SN,MP,1
SN,MY,28
SN,MX,13
SN,IL,22
SN,FR,372
SN,MA,2
SN,FI,140
SN,FO,1
SN,NI,1
SN,NL,428
SN,NO,362
SN,NF,2
SN,NG,2
SN,NZ,82
SN,NP,1
SN,XK,3
SN,CH,231
SN,CO,4
SN,CN,24
SN,CM,1
SN,CL,2
SN,CA,959
SN,CD,1
SN,CZ,19
SN,CY,4
SN,CR,5
SN,SZ,2
SN,KE,2
SN,KH,3
SN,SK,2
SN,KR,19
SN,SI,3
SN,KW,9
SN,SN,6
SN,KZ,1
SN,KY,2
SN,SG,56
SN,SE,334
SN,DO,1
SN,DM,6
SN,DK,127
SN,DE,540
SN,AT,74
SN,DZ,1
SN,TZ,1
SN,LA,3
SN,TW,39
SN,TR,8
SN,LK,1
SN,LT,2
SN,LU,16
SN,TH,12
SN,AE,27
SN,VE,4
SN,AF,4
SN,IS,23
SN,IR,9
SN,IT,182
SN,VN,2
SN,AN,1
SN,AR,3
SN,AU,610
SN,VU,4
SN,IN,26
SN,IE,49
SN,ID,9
SN,UA,2
SN,QA,1
SV,ZZZ,1386
SV,BE,404
SV,BG,1
SV,BM,1
SV,JP,135
SV,BV,3
SV,BR,72
SV,BS,23
SV,BZ,1
SV,RU,4
SV,RW,1
SV,RS,1
SV,RO,5
SV,GT,2
SV,GR,5
SV,GB,547
SV,OM,4
SV,HR,5
SV,HU,8
SV,HK,36
SV,HN,1
SV,PR,8
SV,PT,86
SV,PA,3
SV,UY,1
SV,PH,5
SV,PL,15
SV,EE,1
SV,EG,2
SV,ZA,10
SV,KY,2
SV,ES,139
SV,MG,1
SV,MA,1
SV,ML,1
SV,MO,1
SV,US,1464
SV,UM,1
SV,MT,5
SV,MW,1
SV,UG,1
SV,MY,48
SV,MX,47
SV,VU,3
SV,FR,244
SV,FI,132
SV,NL,518
SV,NO,437
SV,NZ,76
SV,NP,2
SV,CH,238
SV,CO,6
SV,CN,24
SV,CL,7
SV,CA,1113
SV,CZ,17
SV,CY,3
SV,CR,9
SV,KG,1
SV,KE,5
SV,KH,5
SV,SV,3
SV,SK,11
SV,KR,16
SV,SI,7
SV,KW,7
SV,SM,1
SV,SA,5
SV,SG,60
SV,SE,259
SV,DO,3
SV,DM,5
SV,DK,126
SV,DE,514
SV,AT,77
SV,MK,1
SV,LB,1
SV,TW,49
SV,TT,2
SV,TR,5
SV,LK,1
SV,LI,1
SV,LT,6
SV,LU,17
SV,TH,42
SV,AE,25
SV,VE,3
SV,AF,1
SV,IQ,1
SV,IS,18
SV,IR,6
SV,IT,119
SV,AO,1
SV,AN,1
SV,AQ,2
SV,AR,5
SV,AU,601
SV,IL,18
SV,IN,10
SV,IE,54
SV,ID,2
TD,ZZZ,5
TD,FR,1
TD,NL,4
TD,CA,4
TD,DE,1
TD,US,13
TD,GB,2
TG,ZZZ,1767
TG,BE,500
TG,BF,2
TG,BG,4
TG,BA,2
TG,BB,2
TG,WF,1
TG,BM,8
TG,JP,230
TG,BJ,1
TG,JM,1
TG,BV,2
TG,BR,67
TG,BS,20
TG,BZ,1
TG,RU,7
TG,RS,1
TG,TL,2
TG,PA,3
TG,RO,5
TG,GT,1
TG,GR,10
TG,BH,3
TG,GD,4
TG,GB,949
TG,OM,8
TG,HR,3
TG,HU,17
TG,HK,43
TG,PR,3
TG,PT,137
TG,LV,2
TG,UY,2
TG,PE,1
TG,PK,1
TG,PH,5
TG,PL,30
TG,ZM,2
TG,EE,1
TG,EG,5
TG,ZA,32
TG,AL,1
TG,AO,1
TG,KY,5
TG,ES,179
TG,ER,1
TG,MA,1
TG,MC,2
TG,MO,2
TG,MN,1
TG,US,1919
TG,MU,2
TG,MT,10
TG,MY,65
TG,MX,39
TG,AT,108
TG,FR,548
TG,FI,154
TG,FO,1
TG,NI,1
TG,NL,641
TG,NO,523
TG,NG,2
TG,NZ,97
TG,NP,2
TG,XK,1
TG,CH,322
TG,CO,4
TG,CN,24
TG,CL,2
TG,CA,1525
TG,CZ,21
TG,CY,6
TG,CR,11
TG,SZ,3
TG,KG,1
TG,KE,5
TG,KH,5
TG,SK,2
TG,KR,28
TG,SI,3
TG,KW,10
TG,SN,1
TG,KZ,3
TG,SA,7
TG,SG,62
TG,SE,468
TG,SD,2
TG,DO,1
TG,DM,9
TG,DK,246
TG,DE,758
TG,DZ,1
TG,LB,3
TG,TW,23
TG,TT,1
TG,TR,74
TG,LK,1
TG,TN,1
TG,LT,1
TG,LU,24
TG,TH,32
TG,TG,4
TG,VC,1
TG,AE,40
TG,VE,1
TG,AF,11
TG,IS,42
TG,IR,10
TG,AM,1
TG,IT,247
TG,VN,1
TG,AQ,1
TG,AR,4
TG,AU,842
TG,IL,37
TG,IN,36
TG,TZ,2
TG,IE,67
TG,ID,15
TG,UA,1
TG,QA,4
TG,BD,1
TJ,ZZZ,2696
TJ,BE,868
TJ,BG,9
TJ,BA,10
TJ,BB,2
TJ,WF,3
TJ,BM,2
TJ,BN,2
TJ,BO,1
TJ,JP,410
TJ,BJ,2
TJ,BV,4
TJ,JO,12
TJ,BR,105
TJ,BS,18
TJ,RU,8
TJ,RS,1
TJ,RE,2
TJ,RO,11
TJ,PG,1
TJ,GU,2
TJ,GT,2
TJ,GR,24
TJ,BH,5
TJ,GB,1595
TJ,SV,1
TJ,GN,2
TJ,GL,1
TJ,GI,5
TJ,GH,1
TJ,OM,38
TJ,HR,17
TJ,HU,27
TJ,HK,95
TJ,AD,1
TJ,PR,9
TJ,PS,4
TJ,PW,1
TJ,PT,200
TJ,UY,1
TJ,PE,1
TJ,PK,3
TJ,PH,16
TJ,PL,35
TJ,EE,3
TJ,EG,6
TJ,ZA,19
TJ,EC,1
TJ,AL,2
TJ,AO,1
TJ,KY,7
TJ,ES,219
TJ,MA,1
TJ,MC,4
TJ,UZ,2
TJ,ML,1
TJ,MO,1
TJ,MN,6
TJ,US,2926
TJ,UM,2
TJ,MT,15
TJ,MW,1
TJ,MV,2
TJ,UG,1
TJ,UA,5
TJ,MX,54
TJ,IL,25
TJ,FR,578
TJ,FI,263
TJ,FJ,3
TJ,FO,2
TJ,NI,4
TJ,NL,992
TJ,NO,829
TJ,NA,2
TJ,NC,1
TJ,NF,4
TJ,NG,4
TJ,NZ,233
TJ,NP,4
TJ,CK,1
TJ,XK,1
TJ,CH,459
TJ,CO,1
TJ,CN,68
TJ,CL,17
TJ,CA,2263
TJ,CZ,43
TJ,CY,14
TJ,CR,6
TJ,KG,6
TJ,KE,6
TJ,KH,6
TJ,KN,6
TJ,SK,12
TJ,KR,51
TJ,SI,12
TJ,KW,68
TJ,SM,2
TJ,KZ,4
TJ,SA,24
TJ,SG,204
TJ,SE,629
TJ,SD,1
TJ,DM,11
TJ,DK,299
TJ,DE,993
TJ,AT,195
TJ,MK,1
TJ,TZ,2
TJ,LA,2
TJ,TW,92
TJ,TT,5
TJ,TR,21
TJ,LK,5
TJ,LT,5
TJ,LU,34
TJ,TJ,5
TJ,TH,66
TJ,LY,1
TJ,AE,79
TJ,VE,4
TJ,AF,21
TJ,IQ,4
TJ,VI,3
TJ,IS,72
TJ,IR,44
TJ,IT,354
TJ,VN,5
TJ,AR,9
TJ,AU,1372
TJ,VU,10
TJ,AW,3
TJ,IN,48
TJ,IE,139
TJ,ID,41
TJ,MY,94
TJ,QA,7
TL,BM,1
TL,AU,1
TL,US,1
TR,ZZZ,7
TR,BE,1
TR,FR,4
TR,DM,1
TR,DE,5
TR,JP,1
TR,HK,1
TR,BR,1
TR,FI,3
TR,NL,7
TR,NO,2
TR,TW,1
TR,TR,5
TR,LT,3
TR,NZ,1
TR,PH,1
TR,CH,3
TR,AE,1
TR,CA,7
TR,IT,1
TR,AU,5
TR,GB,3
TR,IN,1
TR,ES,1
TR,US,7
TR,KR,1
TR,KW,1
TR,SE,5
TZ,ZZZ,1545
TZ,BE,253
TZ,BF,1
TZ,BG,1
TZ,BA,3
TZ,BB,2
TZ,WF,2
TZ,BM,9
TZ,BN,1
TZ,JP,164
TZ,JM,3
TZ,BV,3
TZ,JO,1
TZ,BR,31
TZ,BS,6
TZ,RU,1
TZ,RW,1
TZ,RO,6
TZ,GT,3
TZ,GR,12
TZ,GB,723
TZ,GN,2
TZ,GL,1
TZ,OM,8
TZ,HR,5
TZ,HU,12
TZ,HK,52
TZ,PR,3
TZ,PS,3
TZ,PT,102
TZ,UY,1
TZ,PK,2
TZ,PH,10
TZ,PL,26
TZ,ZM,2
TZ,EE,1
TZ,EG,2
TZ,ZA,29
TZ,EC,2
TZ,AO,1
TZ,SO,1
TZ,SA,3
TZ,ES,122
TZ,ER,1
TZ,MA,1
TZ,MC,1
TZ,MN,2
TZ,US,1855
TZ,UM,2
TZ,MT,10
TZ,MW,1
TZ,MY,36
TZ,MX,26
TZ,AT,79
TZ,FR,287
TZ,FI,110
TZ,FO,2
TZ,NL,446
TZ,NO,335
TZ,NA,1
TZ,VU,1
TZ,NZ,85
TZ,NP,1
TZ,XK,2
TZ,CH,180
TZ,CN,22
TZ,CL,4
TZ,CA,1188
TZ,CZ,12
TZ,CY,6
TZ,CR,8
TZ,SZ,4
TZ,KE,6
TZ,KH,5
TZ,KN,2
TZ,SK,2
TZ,KR,19
TZ,SI,3
TZ,KW,7
TZ,KY,1
TZ,SG,72
TZ,SE,308
TZ,SD,1
TZ,DM,4
TZ,DK,163
TZ,DE,455
TZ,YE,1
TZ,MU,4
TZ,TZ,14
TZ,TW,29
TZ,TR,13
TZ,LV,2
TZ,LT,2
TZ,LU,11
TZ,TH,22
TZ,AE,23
TZ,VE,2
TZ,AF,3
TZ,IQ,1
TZ,VI,1
TZ,IS,24
TZ,IR,2
TZ,IT,170
TZ,VN,4
TZ,AR,3
TZ,AU,594
TZ,IL,24
TZ,IN,23
TZ,LB,2
TZ,IE,64
TZ,ID,12
TZ,QA,5
UA,ZZZ,582
UA,BE,159
UA,BG,2
UA,BA,2
UA,BB,1
UA,WF,8
UA,BM,1
UA,JP,68
UA,BR,17
UA,BS,6
UA,RU,18
UA,RS,1
UA,RE,1
UA,RO,4
UA,GU,1
UA,GT,1
UA,GR,4
UA,BH,1
UA,GB,346
UA,GL,1
UA,GI,1
UA,OM,3
UA,IL,13
UA,HR,2
UA,HU,5
UA,HK,24
UA,PT,51
UA,PA,1
UA,PK,2
UA,PH,3
UA,PL,26
UA,EE,2
UA,EG,1
UA,ZA,5
UA,ES,73
UA,UY,2
UA,MC,1
UA,MO,1
UA,MN,3
UA,US,619
UA,UM,2
UA,MT,4
UA,UG,1
UA,UA,8
UA,MX,13
UA,AT,66
UA,FR,178
UA,FI,66
UA,FJ,1
UA,NL,212
UA,NO,222
UA,NA,1
UA,NZ,33
UA,CK,1
UA,XK,3
UA,CH,135
UA,CN,8
UA,CL,2
UA,CA,522
UA,CZ,6
UA,CY,2
UA,CR,1
UA,KG,1
UA,KE,5
UA,SK,7
UA,KR,7
UA,SI,3
UA,KW,4
UA,KZ,2
UA,SA,5
UA,SG,24
UA,SE,147
UA,DM,12
UA,DK,79
UA,DE,277
UA,TW,20
UA,TT,1
UA,TR,3
UA,LK,1
UA,LT,1
UA,LU,8
UA,TH,12
UA,AE,15
UA,AF,5
UA,IS,13
UA,IR,1
UA,IT,79
UA,VN,1
UA,AR,1
UA,AU,309
UA,VU,13
UA,IN,9
UA,IE,30
UA,ID,6
UA,MY,20
UA,QA,2
UG,ZZZ,2649
UG,BE,687
UG,BF,1
UG,BG,4
UG,BA,2
UG,WF,8
UG,BM,12
UG,BO,1
UG,JP,335
UG,BJ,1
UG,BV,4
UG,BR,93
UG,BS,15
UG,LV,3
UG,RW,1
UG,RS,1
UG,TL,1
UG,RE,2
UG,RO,17
UG,GU,1
UG,GT,3
UG,GR,21
UG,BH,4
UG,GB,1505
UG,GM,3
UG,GL,1
UG,GI,1
UG,OM,19
UG,HR,12
UG,HU,28
UG,HK,91
UG,PR,7
UG,PS,1
UG,PT,213
UG,VG,1
UG,AI,1
UG,PA,5
UG,UY,6
UG,PE,2
UG,SO,1
UG,PH,15
UG,PL,38
UG,RU,12
UG,EE,5
UG,EG,1
UG,ZA,80
UG,EC,1
UG,AL,1
UG,AO,1
UG,ZW,1
UG,SA,10
UG,ES,313
UG,ER,2
UG,MA,2
UG,MC,4
UG,ML,1
UG,MO,4
UG,MN,1
UG,US,2871
UG,UM,1
UG,MT,19
UG,MP,1
UG,UG,15
UG,UA,2
UG,MX,54
UG,IL,56
UG,FR,605
UG,FI,328
UG,FJ,3
UG,NI,2
UG,NL,942
UG,NO,903
UG,NA,1
UG,NC,1
UG,NF,1
UG,NG,1
UG,NZ,209
UG,NP,1
UG,CK,1
UG,CH,465
UG,CO,5
UG,CN,52
UG,CL,2
UG,CA,2188
UG,CZ,48
UG,CY,9
UG,CR,9
UG,SZ,1
UG,KG,2
UG,KE,16
UG,KH,5
UG,KN,3
UG,SK,8
UG,KR,51
UG,SI,19
UG,KW,23
UG,SN,3
UG,SM,1
UG,KZ,3
UG,KY,4
UG,SG,163
UG,SE,742
UG,SD,2
UG,DM,6
UG,DJ,1
UG,DK,343
UG,DE,1121
UG,YE,1
UG,AT,185
UG,MU,4
UG,LB,2
UG,LC,1
UG,LA,11
UG,TW,102
UG,TT,3
UG,TR,21
UG,LK,3
UG,LI,2
UG,TN,6
UG,LT,14
UG,LU,33
UG,LR,1
UG,LS,1
UG,TH,67
UG,TC,1
UG,LY,1
UG,VC,1
UG,AE,58
UG,VE,4
UG,AF,8
UG,IQ,3
UG,IS,42
UG,IR,18
UG,IT,465
UG,VN,5
UG,AN,1
UG,AQ,1
UG,AR,10
UG,AU,1448
UG,VU,7
UG,AW,1
UG,IN,66
UG,TZ,3
UG,AZ,1
UG,IE,188
UG,ID,21
UG,QS,3
UG,MY,67
UG,QA,12
US,ZZZ,103
US,BE,11
US,FR,24
US,DK,8
US,BM,1
US,DE,39
US,JP,9
US,LU,1
US,HU,1
US,HK,1
US,BR,1
US,FI,5
US,BZ,1
US,CN,3
US,PR,2
US,NL,23
US,PT,7
US,NO,31
US,TW,2
US,PY,1
US,LT,1
US,NG,1
US,NZ,5
US,MT,2
US,TH,3
US,PH,3
US,IS,1
US,PL,1
US,GU,1
US,CH,16
US,AE,3
US,GR,2
US,CA,74
US,IT,11
US,VN,1
US,ZA,1
US,CZ,1
US,AR,1
US,AU,46
US,IL,4
US,IN,3
US,GN,1
US,IE,6
US,ES,7
US,SG,4
US,US,103
US,KR,4
US,SE,14
US,KZ,1
US,SA,1
US,MY,5
US,MX,6
US,GB,48
US,AT,9
VN,ZZZ,1043
VN,BE,298
VN,BG,4
VN,BM,3
VN,JP,210
VN,BV,4
VN,BR,35
VN,BS,1
VN,RU,4
VN,RS,1
VN,RO,1
VN,GR,5
VN,BH,1
VN,GD,1
VN,GB,543
VN,GN,2
VN,GI,1
VN,OM,6
VN,IL,18
VN,HR,4
VN,HU,12
VN,HK,66
VN,PR,2
VN,PT,73
VN,PE,1
VN,PK,2
VN,PH,3
VN,PL,7
VN,ZM,2
VN,EE,14
VN,EG,1
VN,ZA,3
VN,AL,1
VN,KY,1
VN,ES,100
VN,UY,1
VN,MC,1
VN,MO,5
VN,MN,29
VN,US,1211
VN,UM,1
VN,MT,2
VN,MQ,1
VN,UG,1
VN,MY,40
VN,MX,21
VN,AT,53
VN,FR,301
VN,FI,109
VN,FJ,1
VN,NL,358
VN,NO,307
VN,NA,1
VN,NF,1
VN,NG,1
VN,NZ,111
VN,NP,2
VN,XK,2
VN,CH,184
VN,CO,1
VN,CN,36
VN,CL,1
VN,CA,876
VN,CZ,16
VN,CY,7
VN,CR,4
VN,SZ,1
VN,KE,4
VN,KH,6
VN,SK,6
VN,KR,32
VN,SI,3
VN,KW,1
VN,SA,5
VN,SG,119
VN,SE,269
VN,DM,12
VN,DK,142
VN,DE,405
VN,TW,32
VN,TT,1
VN,TR,5
VN,LK,4
VN,LT,3
VN,LU,19
VN,TH,32
VN,AE,20
VN,VE,4
VN,AF,3
VN,IS,18
VN,IR,9
VN,IT,120
VN,VN,40
VN,AU,629
VN,VU,1
VN,IN,23
VN,IE,50
VN,ID,16
VN,QA,2
WS,ZZZ,958
WS,BE,263
WS,WF,1
WS,BM,1
WS,JP,85
WS,BV,3
WS,BR,9
WS,BS,5
WS,BZ,1
WS,RU,3
WS,RO,1
WS,GU,1
WS,GR,5
WS,GB,413
WS,GH,1
WS,OM,5
WS,HR,1
WS,HU,6
WS,HK,42
WS,HN,1
WS,PR,1
WS,PT,52
WS,PK,1
WS,PH,6
WS,PL,5
WS,EG,1
WS,ZA,2
WS,EC,1
WS,AL,1
WS,ES,64
WS,MD,1
WS,UY,2
WS,MN,1
WS,US,1086
WS,UM,1
WS,MT,3
WS,MP,1
WS,MY,30
WS,MX,9
WS,IL,22
WS,FR,177
WS,FI,78
WS,FJ,1
WS,NL,255
WS,NO,201
WS,NG,1
WS,NZ,201
WS,NP,1
WS,CK,1
WS,CH,99
WS,CO,2
WS,CN,10
WS,CM,1
WS,CA,723
WS,CZ,14
WS,CY,1
WS,CR,4
WS,SZ,2
WS,KG,2
WS,KE,2
WS,KH,2
WS,SK,3
WS,KR,12
WS,KW,8
WS,KZ,2
WS,SA,8
WS,SG,54
WS,SE,152
WS,DM,11
WS,DK,94
WS,DE,319
WS,AT,35
WS,LA,3
WS,TW,18
WS,TR,4
WS,LK,1
WS,LI,1
WS,LT,2
WS,LU,10
WS,TH,11
WS,TC,1
WS,AE,24
WS,AF,6
WS,VI,1
WS,IS,23
WS,IR,6
WS,IT,89
WS,VN,2
WS,AN,1
WS,AR,1
WS,AU,472
WS,VU,1
WS,IN,8
WS,IE,39
WS,ID,7
WS,UA,1
WS,QA,1
YE,ZZZ,10
YE,FR,8
YE,DM,4
YE,DK,1
YE,DE,3
YE,JP,2
YE,BR,2
YE,FI,2
YE,NL,6
YE,PT,1
YE,NO,4
YE,TR,1
YE,NZ,2
YE,TH,1
YE,LY,1
YE,CH,2
YE,AE,1
YE,CA,7
YE,IT,2
YE,CZ,1
YE,AU,3
YE,GB,3
YE,IE,1
YE,ES,1
YE,US,9
YE,KR,2
YE,KW,1
YE,SA,1
YE,SE,6
YE,AT,1
ZA,ZZZ,25
ZA,BE,6
ZA,FR,22
ZA,DM,5
ZA,DK,5
ZA,DE,14
ZA,JP,9
ZA,HU,1
ZA,HK,1
ZA,BR,1
ZA,FI,8
ZA,NL,15
ZA,PT,5
ZA,NO,9
ZA,TW,2
ZA,TL,1
ZA,NZ,1
ZA,LU,1
ZA,NP,1
ZA,EG,1
ZA,PL,2
ZA,CH,3
ZA,CA,23
ZA,IT,8
ZA,ZA,4
ZA,AU,16
ZA,GB,19
ZA,IN,1
ZA,ID,1
ZA,ES,5
ZA,OM,1
ZA,US,28
ZA,QA,1
ZA,KR,1
ZA,KZ,1
ZA,SE,13
ZA,AT,1
ZW,ZZZ,95
ZW,BE,13
ZW,FR,33
ZW,BG,2
ZW,DK,21
ZW,DE,64
ZW,JP,19
ZW,HU,2
ZW,HK,5
ZW,BV,1
ZW,CH,30
ZW,BR,6
ZW,GN,1
ZW,FI,21
ZW,GR,1
ZW,PR,1
ZW,SK,2
ZW,NL,48
ZW,PT,10
ZW,NO,60
ZW,TW,5
ZW,TL,1
ZW,ID,2
ZW,NZ,18
ZW,LU,4
ZW,TH,5
ZW,PE,1
ZW,AT,7
ZW,RO,2
ZW,DM,3
ZW,IS,3
ZW,PL,6
ZW,GT,1
ZW,AE,3
ZW,CN,3
ZW,AF,1
ZW,EE,3
ZW,BH,2
ZW,CA,91
ZW,IT,24
ZW,ZA,17
ZW,CZ,4
ZW,AR,1
ZW,AU,77
ZW,IL,2
ZW,IN,10
ZW,CR,1
ZW,ZW,1
ZW,IE,9
ZW,PH,1
ZW,ES,22
ZW,UY,1
ZW,MC,1
ZW,SG,7
ZW,MO,1
ZW,KH,4
ZW,US,95
ZW,QA,1
ZW,KR,3
ZW,KW,1
ZW,NI,1
ZW,NA,1
ZW,SD,1
ZW,MY,6
ZW,MX,3
ZW,SE,47
ZW,GB,75
